,,,LALANDER 6 Building General Expenses sheet,,,,,,
,,,جدول عمومی مصارفات تعمیر للندر 6,,,,,,
ملاحظات,مجموع مصارفات به دالر,مصارف افغانی+ دالری,مصرف دالری,نرخ اسعار,,مصرف افغانی ,توضیحات,تاریخ,شماره 
Remarks,Total Expenses by USD,AFN+USD,USD,Exchange Rate,,AFN,Discretion,DATE,S/N
,$33 ,$32.54 ,,$69.77 ,"AFN 2,270","AFN 2,270","پرداخت مصارفات استعلام های ریاست صدور مجوز بابت تعمیرللندر 6 واقع شهر نو از قبیل کرای موتر , به حوزه دریایی,کرای موتر به ریاست برشنا,کرای موتر به جکشن 5 کلوله پشته,نان چاشت , کارت مبایل و غیره ",20-May-25,1
,$41 ,$8.64 ,,$69.45 ,"AFN 2,870",AFN 600,"پرداخت کرای تکسی به ریاست آبرسانی فاضلاب شهری , کرای موتر به شهر نو و برگشت و خریداری نوشابه و آب معدنی بابت تعمیرللندر 6",3-Jun-25,2
,$45 ,$3.60 ,,$69.45 ,"AFN 3,120",AFN 250,پرداخت کرای موتر به شهر نو و کرای تکسی با ریاست اطفائیه بخاطر نقشه تعمیرللندر 6,3-Jun-25,3
,$49 ,$4.69 ,,$70.30 ,"AFN 3,450",AFN 330,پرداخت کرای موتر به ریاست آبرسانی بخاطر اخذ تعرفه تعمیرللندر 6 و خریداری کارت مبایل به رایگان نمودن سیم کارت,16-Jun-25,4
,$91 ,$41.96 ,,$71.50 ,"AFN 6,450","AFN 3,000",خریداری تیل پطرول به موتر هایلکس,21-Jun-25,5
,$94 ,$2.82 ,,$70.85 ,"AFN 6,650",AFN 200,"پرداخت کرای موتر به ریاست اطفائیه بابت نقشه للندر 6 , کرای موتر به ریاست اطفائیه بابت نقشه اصلاح شده للندر 6 و کرای موتر به دفتر انجنیر فیصل شهرنو",22-Jun-25,6
,$136 ,$41.96 ,,$71.50 ,"AFN 9,650","AFN 3,000",خریداری تیل پطرول به موتر هایلکس,28-Jun-25,7
,$142 ,$6.13 ,,$70.15 ,"AFN 10,080",AFN 430,"پرداخت کرای موتر به ریاست آبرسانی بابت استعلام تعمیر للندر 6 , مصارف نان چاشت ,کمیشن بانکی تعرفه آبرسانی, و کرای تکسی به شهر نو دفتر انجنیر فیصل",30-Jun-25,8
,$143 ,$1.15 ,,$69.75 ,"AFN 10,160",AFN 80,پرداخت کرای موتر به شهر نو بخاطر فورم دستور نقشه تعمیرللندر 6,2-Jul-25,9
,$146 ,$2.29 ,,$69.75 ,"AFN 10,320",AFN 160,"کرای موتر به کارته نو بابت نقشه فاضلاب ,کرای موتر به دفتر انجنیر فیصل بابت انتقال اسناد تست خاک تعمیرللندر 6 ",2-Jul-25,10
,$189 ,$43.01 ,,$69.75 ,"AFN 13,320","AFN 3,000",خریداری تیل پطرول به موتر موتر هایلکس ,2-Jul-25,11
,$242 ,$53.55 ,,$69.10 ,"AFN 17,020","AFN 3,700",خریداری تیل پطرول به موتر موتر هایلکس ,11-Jul-25,12
,$287 ,$44.78 ,,$67.00 ,"AFN 20,020","AFN 3,000",خریداری تیل پطرول به موتر موتر هایلکس ,17-Jul-25,13
,$338 ,$51.02 ,,$68.60 ,"AFN 23,520","AFN 3,500",خریداری تیل پطرول به موتر موتر هایلکس ,26-Jul-25,14
,$407 ,$69.02 ,,$68.10 ,"AFN 28,220","AFN 4,700",خریداری تیل پطرول به موتر هایلکس تعمیرللندر 6,12-Aug-25,
,$440 ,$32.45 ,,$71.50 ,"AFN 30,540","AFN 2,320",پرداخت برای مبلایل تبدیلی و فلتر مبلایل به موتر هایلکس بابت تعمیرللندر6,28-Aug-25,15
,$498 ,$58.48 ,,$68.40 ,"AFN 34,540","AFN 4,000",خریداری تیل پطرول به موتر هایلکس,2-Sep-25,16
,$527 ,$28.67 ,,$69.75 ,"AFN 36,540","AFN 2,000",خریداری تیل پطرول به موتر هالکس بخاطر تعمیرللندر 6,6-Sep-25,17
,$556 ,$29.39 ,,$67.20 ,"AFN 38,515","AFN 1,975",خریداری غذا از رستورانت به مهمانان تعمیرللندر 6,6-Sep-25,18
,"$9,556 ","$9,000.00 ","$9,000 ",$67.20 ,"AFN 38,515",AFN 0,پرداخت برای رئیس صدور مجوز توسط حاجی رفیع الله بخاطر امر اعمار تعمیرللندر 6,6-Sep-25,19
,"$9,585 ",$29.32 ,,$67.20 ,"AFN 40,485","AFN 1,970",خریداری پیتزا به کارمندان ریاست صدور مجوز بابت تعمیرللندر 6,6-Sep-25,20
,"$9,586 ",$0.74 ,,$67.20 ,"AFN 40,535",AFN 50,خریداری تار رجه به تعمیرللندر 6,8-Sep-25,21
,"$14,586 ","$5,000.00 ","$5,000 ",$68.20 ,"AFN 40,535",AFN 0,پرداخت برای رئیس صدور مجوز بابت تعمیرللندر 6,9-Sep-25,22
,"$14,686 ",$100.00 ,$100 ,$68.20 ,"AFN 40,535",AFN 0,پرداخت برای پسر رئیس صدور مجوز بابت تعمیرللندر 6,9-Sep-25,23
,"$14,716 ",$29.33 ,,$68.20 ,"AFN 42,535","AFN 2,000",پرداخت برای ملازمین ریاست صدور مجوز بابت تعمیرللندر 6,9-Sep-25,24
,"$14,906 ",$190.62 ,,$68.20 ,"AFN 55,535","AFN 13,000",خریداری جای نماز به مسجد ریاست صدور مجوز بابت تعمیرللندر 6,9-Sep-25,25
,"$34,906 ","$20,000.00 ","$20,000 ",$68.20 ,"AFN 55,535",AFN 0,پرداخت پول کمیشن حاجی عبدالحق به جاوید سکندری,9-Sep-25,26
,"$39,906 ","$5,000.00 ","$5,000 ",$68.20 ,"AFN 55,535",AFN 0,پرداخت برای جاوید سکندری بابت قباله تعمیرللندر 6,9-Sep-25,27
,"$89,906 ","$50,000.00 ","$50,000 ",$68.20 ,"AFN 55,535",AFN 0,پرداخت برای حاجی عبدالحق بابت جایداد تعمیرللندر 6,9-Sep-25,28
,"$90,256 ",$350.00 ,$350 ,$68.20 ,"AFN 55,535",AFN 0,پرداخت برای خریداری تحفه به فامیل رئیس صدور مجوز بابت تعمیرللندر 6,9-Sep-25,29
,"$90,322 ",$66.18 ,,$68.00 ,"AFN 60,035","AFN 4,500",خریداری تیل پطرول به موتر هایلکس,11-Sep-25,30
,"$90,522 ",$200.00 ,$200 ,$68.20 ,"AFN 60,035",AFN 0,پرداخت برای رئیس صدور مجوز توسط حاجی رفیع الله بخاطر امر اعمار تعمیرللندر 6,21-Sep-25,31
,"$90,594 ",$71.32 ,,$67.30 ,"AFN 64,835","AFN 4,800",خریداری تیل پطرول به موتر هایلکس,25-Sep-25,32
,"$90,653 ",$59.44 ,,$67.30 ,"AFN 68,835","AFN 4,000",پیش پرداخت برای اسماعیل بابت کندن کاری پایل های تعمیرللندر 6,25-Sep-25,33
,"$90,712 ",$59.30 ,,$67.45 ,"AFN 72,835","AFN 4,000",خریداری تیل پطرول به موتر بابت تعمیرللندر 6,30-Sep-25,34
,"$90,742 ",$29.50 ,,$67.45 ,"AFN 74,825","AFN 1,990",خریداری غذا از رستورانت به مهمانان تعمیرللندر 6,30-Sep-25,35
,"$90,764 ",$22.24 ,,$67.45 ,"AFN 76,325","AFN 1,500",خریداری تیل پطرول به موتر لکسس بخاطر تعمیرللندر 6,1-Oct-25,36
,"$90,964 ",$200.00 ,$200 ,$67.00 ,"AFN 76,325",AFN 0,پرداخت برای حاجی گل نظر بابت خریداری لباس به فامیل رئیس صدور مجوز و به مصارف حاجی گل نظر بابت تعمیرللندر 6,2-Oct-25,37
,"$91,016 ",$52.24 ,,$67.00 ,"AFN 79,825","AFN 3,500",پرداخت برای حاجی گل نظر بخاطر حوض آب بازی و مصارف متفرقه بابت تعمیرللندر 6,2-Oct-25,38
,"$94,016 ","$3,000.00 ","$3,000 ",$67.00 ,"AFN 79,825",AFN 0,پرداخت به ریاست کنترول ساختمانها توسط حاجی رفیع الله بابت امر اعمار تعمیرللندر6,4-Oct-25,39
,"$94,031 ",$14.93 ,,$67.00 ,"AFN 80,825","AFN 1,000",خریداری تیل پطرول به موتر هایلکس بابت تعمیرللندر 6,5-Oct-25,40
,"$94,119 ",$87.61 ,,$66.20 ,"AFN 86,625","AFN 5,800",خریداری تیل پطرول به موتر هایلکس بابت تعمیرللندر 6,13-Oct-25,41
,"$94,319 ",$200.00 ,$200 ,$66.40 ,"AFN 86,625",AFN 0,پرداخت رشوه برای انجنیران کنترول ساختمانها بابت خط اندازی تعمیرللندر 6 (نوت: از مجموع پرداخت 200$ دالر مبلغ 100$ آن توسط حاجی مطیع الله پرداخت گردیده که دوباره برایش پرداخت گردیده.,15-Oct-25,42
,"$94,325 ",$5.72 ,,$66.40 ,"AFN 87,005",AFN 380,"خریداری پایپ لیول , اسپری و میخ فولادی به تعمیرللندر 6",15-Oct-25,43
,"$94,331 ",$6.78 ,,$66.40 ,"AFN 87,455",AFN 450,خریداری چکش و رجه به تعمیرللندر 6,15-Oct-25,44
,"$94,337 ",$6.02 ,,$66.40 ,"AFN 87,855",AFN 400,خریداری متر 50 متره به تعمیر للندر 6,15-Oct-25,45
,"$94,339 ",$1.96 ,,$66.40 ,"AFN 87,985",AFN 130,خریداری سمنت سفید به تعمیرللندر 6,15-Oct-25,46
,"$94,370 ",$31.02 ,,$66.40 ,"AFN 90,045","AFN 2,060","خریداری برمه چارجی ,کلگی پیچکش به تعمیر للندر6",18-Oct-25,47
,"$94,718 ",$347.59 ,,$66.40 ,"AFN 113,125","AFN 23,080","پرداخت برای مصارفات تعمیرللندر 6 از قبیل کرای تکسی ع رشوه ب رئیس صدور مجوز,تعرفه ریاست کنترول ساختمانها,کاپی نقشه ها,تعرفه خط اندازی, مصارفات متفرقه و غیره توسط حاجی احسان الله سهاک ",18-Oct-25,48
,"$94,726 ",$7.53 ,,$66.40 ,"AFN 113,625",AFN 500,پرداخت کرای تکسی بابت انتقال مواد فلز کاری به تعمیرللندر 6,18-Oct-25,49
,"$94,867 ",$141.57 ,,$66.40 ,"AFN 123,025","AFN 9,400","خریداری چرخ کلان, رول , مترو پل برش , چاقو , اسکرنج به تعمیرللندر 6",18-Oct-25,50
,"$94,869 ",$1.81 ,,$66.40 ,"AFN 123,145",AFN 120,خریداری اسپری و مارکر به خط اندازی تعمیرللندر 6,18-Oct-25,51
,"$94,949 ",$79.82 ,,$66.40 ,"AFN 128,445","AFN 5,300",خریداری تیل پطرول به موتر هایلکس,18-Oct-25,52
,"$95,491 ",$542.58 ,,$66.35 ,"AFN 164,445","AFN 36,000",خریداری یک پایه ماشین جنراتور 27hp دیزلی به تعمیرللندر 6,20-Oct-25,53
,"$95,515 ",$24.11 ,,$66.35 ,"AFN 166,045","AFN 1,600","خریداری مبلایل , کرای موتر ,جوالی بابت بالا کردن جنراتور تعمیرللندر 6",20-Oct-25,54
,"$95,520 ",$4.97 ,,$66.35 ,"AFN 166,375",AFN 330,خریداری کندکسر و دستکش به تعمیرللندر 6 ,21-Oct-25,55
,"$95,528 ",$7.84 ,,$66.35 ,"AFN 166,895",AFN 520,"خریداری آب نوشیدنی , نوار طفلون , گوتکه ,برشینگ,زانوخم و فلق به تعمیرللندر6",21-Oct-25,56
,"$95,558 ",$30.14 ,,$66.35 ,"AFN 168,895","AFN 2,000",خریداری تیل پطرول به موتر بخاطر تعمیرللندر6,21-Oct-25,57
,"$95,795 ",$236.93 ,,$66.35 ,"AFN 184,615","AFN 15,720","خریداری پایپ 1"" پی پی آر و ریسمان 14 ملی به تعمیرللندر 6",21-Oct-25,58
,"$95,804 ",$8.44 ,,$66.35 ,"AFN 185,175",AFN 560,خریداری رجه و کرای باربری به تعمیرللندر 6,21-Oct-25,59
,"$95,947 ",$143.18 ,,$66.35 ,"AFN 194,675","AFN 9,500","خریداری آب بازک 2/2 1"" به چاه آب تعمیرللندر 6",21-Oct-25,60
,"$103,488 ","$7,541.48 ",,$66.30 ,"AFN 694,675","AFN 500,000",پرداخت برای نورگل بابت اجرت ساعتوار اسکواتور و انتقال پرانه از تعمیرللندر 6,23-Oct-25,61
,"$103,496 ",$7.54 ,,$66.30 ,"AFN 695,175",AFN 500,پرداخت برای سفر برقی بابت آب بازک تعمیرللندر 6,23-Oct-25,62
,"$111,383 ","$7,886.64 ",,$66.60 ,"AFN 1,220,425","AFN 525,250",پرداخت برای خریداری 700 خریطه سمنت ایرانی به نرخ 550 افغانی و 250 خریطه سمنت ایرانی به نرخ 561 افغانی به تعیمرللندر 6,28-Oct-25,63
,"$111,533 ",$150.15 ,,$66.60 ,"AFN 1,230,425","AFN 10,000",پیش پرداخت برای غلام علی مکسر کار بابت تعمیرللندر 6,28-Oct-25,64
,"$112,283 ",$750.75 ,,$66.60 ,"AFN 1,280,425","AFN 50,000",پیش پرداخت برای انجنیر صفی الله بابت تعمیرللندر 6,30-Oct-25,65
,"$112,385 ",$101.35 ,,$66.60 ,"AFN 1,287,175","AFN 6,750",پرداخت برای نورالدین بابت کرای انتقال خرک و غیره به تعیمرللندر 6,30-Oct-25,66
,"$112,891 ",$506.01 ,,$66.60 ,"AFN 1,320,875","AFN 33,700",پرداخت پول باقیمانده و تصفیه حساب غلام علی مکسر کار بابت کانکریت ریزی 38 حلقه پایل فی دانه از قرار 1150 افغانی,3-Nov-25,67
,"$118,910 ","$6,019.56 ",,$66.45 ,"AFN 1,720,875","AFN 400,000",پرداخت قسط اول برای عظیم الله ستانکزی بابت حفاری پایل های تحکیماتی تعمیرللندر 6,3-Nov-25,68
,"$121,250 ","$2,340.11 ",,$66.45 ,"AFN 1,876,375","AFN 155,500",پرداخت شرکت مواد ساختمانی سلیمان داودزی بابت خریداری ریگ شسته و کرش به کانکریت ریزی پایل های تعمیرللندر 6,3-Nov-25,69
,"$121,659 ",$408.45 ,,$66.30 ,"AFN 1,903,455","AFN 27,080","پراخت برای مصارفات تاریخ های مختلف تعمیرللندر6 از تاریخ 21 اکتوبر 2025 الی 04 نوامبر 2025 از قبیل چای صبح , نان چاشت ,رول اصلی , گاز مایع,فیوز اتومات,تیل دیزل به جنراتور,رینگ ایرانی به دفتر ساحوی ,بیل گرد,متر 5 متره ,نوشابه,آب معدنی,گوشت مرغ,نان خشک , بوره,تار رجه,دستکش,مبلایل به جنراتور,وسایل آشپزخانه از قبیل ترموز چای ,گیلاس,کپگیر,دسترخوان,کاسه,مواد شوینده,تیل دیزل به جنراتور,رشوه به برقی ساحه بخاطر وصل نمودن برق ,ذخیره آب ,کراچی ,نل 40 , لوازم آشپزخانه ,مواد ساختمانی و یک بندل پایپ پلاستیکی به تعمیرللندر 6",4-Nov-25,70
,"$121,665 ",$6.03 ,,$66.30 ,"AFN 1,903,855",AFN 400,پرداخت اجرت مزد دو نفر مزدور کار بابت کندن کاری رینگ های تعمیرللندر 6,4-Nov-25,71
,"$121,672 ",$6.79 ,,$66.30 ,"AFN 1,904,305",AFN 450,خریداری گاز مایع به دفتر ساحوی تعمیرللندر 6,4-Nov-25,72
,"$121,811 ",$138.91 ,,$66.30 ,"AFN 1,913,515","AFN 9,210","پرداخت برای خریداری مصارفات تاریخ های مختلف تعمیرللندر 6 از تاریخ 16 اکتوبر 2025 الی 04 نوامبر 2025 از قبیل تیل جنراتور,نان خشک , نوشابه,آب معدنی,گوشت ,روغن,پیاز , کچالو,چای صبح,کرای زرنج باخاطرانتقال تخته ها,خرید سامان آلات برقی,قفل , مبلایل,پل چرخ,تیل دیزل,نان چاشت ,پرزه جات به جنراتور و غیره ",4-Nov-25,73
,"$121,882 ",$71.64 ,,$66.30 ,"AFN 1,918,265","AFN 4,750",پرداخت برای کرن کار بابت پائین کردن پایل های تعمیرللندر 6,4-Nov-25,74
,"$122,132 ",$250.08 ,,$66.30 ,"AFN 1,934,845","AFN 16,580","پرداخت برای خریداری مصارفات تاریخ های مختلف تعمیرللندر 6 از تاریخ 19 اکتوبر 2025 الی 04 نوامبر 2025 نان خشک به چای صبح,کرای موتر چوکیداربابت طی مراحل اسناد برق ,خریداری مواد خوراکه برنج,روغن ,لوبیا,نخود,مایع ظرفشویی,نمک,بوره,شامپو,صابون,پیاز ,رومی,کچالو,مرچ تازه,نان شب,لحاف ,دوشک,بالشت,اجرت کرن بخاطر کشیدن آب بازک از چاه,گوشت به دفتر ساحوی,لوبیا,رومی,کرای تکسی,سرکی بالون گاز,صافی ,نان خشک و سیخ ولدینگ به تعمیرللندر 6",4-Nov-25,75
,"$122,144 ",$12.07 ,,$66.30 ,"AFN 1,935,645",AFN 800,پرداخت برای تخلیه یک تیلر سیمنت به تعمیرللندر 6,4-Nov-25,76
,"$122,220 ",$75.41 ,,$66.30 ,"AFN 1,940,645","AFN 5,000",پرداخت برای کرن کار بابت پائین کردن پایل های تعمیرللندر 6,4-Nov-25,77
,"$122,265 ",$45.25 ,,$66.30 ,"AFN 1,943,645","AFN 3,000",پرداخت مصرف بل برق تعمیرللندر 6 همراه با کرای موتر به تعمیرللندر 6,4-Nov-25,78
,"$122,416 ",$150.83 ,,$66.30 ,"AFN 1,953,645","AFN 10,000",پرداخت برای چاه کن پایل های دستی در چاه سپتیک به تعداد 2 پایل 5 متره تعمیرللندر 6,4-Nov-25,79
,"$122,446 ",$30.17 ,,$66.30 ,"AFN 1,955,645","AFN 2,000",پرداخت برای تخلیه چاه فاضلاب تعمیرللندر 6 توسط تانکر کلان ,4-Nov-25,80
,"$122,462 ",$15.84 ,,$66.30 ,"AFN 1,956,695","AFN 1,050",پرداخت برای تیمور شاه بابت اجرت سه نفر مزدور کار بخاطر پاک کاری کی از دیوار های استنادی و خالی کردن در جای مناسب بابت تعمیرللندر 6,4-Nov-25,81
,"$122,466 ",$4.52 ,,$66.30 ,"AFN 1,956,995",AFN 300,پرداخت کرای زرنج بخاطر انتقال ماشین سوخته شده جنراتور تعمیرللندر 6,4-Nov-25,82
,"$122,534 ",$67.87 ,,$66.30 ,"AFN 1,961,495","AFN 4,500",پرداخت برای حسین کرن کار بابت انتقال دیوار های استنادی للندر 6 از داخل حویلی به پیاده رو به مقدار 11 عدد,4-Nov-25,83
,"$122,552 ",$17.35 ,,$66.30 ,"AFN 1,962,645","AFN 1,150","خریداری بیل , گلگل و دسته بیل به تعمیرللندر 6",4-Nov-25,84
,"$122,574 ",$22.62 ,,$66.30 ,"AFN 1,964,145","AFN 1,500",خریداری تیل دیزل به جنراتور تعمیرللندر 6,4-Nov-25,85
,"$122,576 ",$1.36 ,,$66.30 ,"AFN 1,964,235",AFN 90,خریداری گلماله پلاستیکی و آب معدنی به تعمیرللندر 6,4-Nov-25,86
,"$122,579 ",$3.62 ,,$66.30 ,"AFN 1,964,475",AFN 240,"خریداری کچالو , سیر,مرچ تازه ,آب نوشیدنی به تعمیرللندر 6",4-Nov-25,87
,"$123,331 ",$751.89 ,,$66.30 ,"AFN 2,014,325","AFN 49,850","خریداری یک رئس گوساله به خیرات تعمیرللندر 6 , اجرت قصابی گوساله,کرای انتقال به ساحه ,خریداری بادنجان رومی و آب نوشیدنی ",4-Nov-25,88
,"$124,131 ",$800.00 ,$800 ,$66.40 ,"AFN 2,014,325",AFN 0,پرداخت برای سرگروپ برقی بخاطر وصل نمودن میتر های سه فاز تعمیرللندر 6,4-Nov-25,89
,"$124,181 ",$49.70 ,,$66.40 ,"AFN 2,017,625","AFN 3,300",خریداری تیل پطرول به موتر هایلکس بابت تعمیرللندر 6,4-Nov-25,
,"$124,196 ",$15.08 ,,$66.30 ,"AFN 2,018,625","AFN 1,000",پردخت برای نورالدین بابت انتقال پایه های فلزی از للندر 5 به للندر 6 و کرای انتقال چوب و قالب از للندر 5 به للندر 6,6-Nov-25,90
,"$124,204 ",$7.54 ,,$66.30 ,"AFN 2,019,125",AFN 500,خریداری کارت مبایل به انجنیر صفی الله,6-Nov-25,91
,"$124,234 ",$30.17 ,,$66.30 ,"AFN 2,021,125","AFN 2,000",خریداری تیل پطرول به موتر هایلکس ,6-Nov-25,
,"$130,234 ","$6,000.00 ",,$66.50 ,"AFN 2,420,125","AFN 399,000",پرداخت برای نورگل بابت کندن کاری تهکوی تعمیرللندر 6,11-Nov-25,92
,"$131,734 ","$1,500.00 ",,$66.50 ,"AFN 2,519,875","AFN 99,750",پرداخت دفعه دوم برای نورگل بابت کندن کاری تهکوی تعمیرللندر 6,11-Nov-25,93
,"$131,749 ",$15.11 ,,$66.20 ,"AFN 2,520,875","AFN 1,000",پیش پرداخت برای عبدالمتین بابت ماه عقرب 1404,16-Nov-25,94
,"$141,779 ","$10,030.21 ",,$66.20 ,"AFN 3,184,875","AFN 664,000",پرداخت برای نورگل بابت کندن کاری تهکوی تعمیرللندر6,17-Nov-25,95
,"$141,781 ",$2.27 ,,$66.20 ,"AFN 3,185,025",AFN 150,پرداخت برای کرای تکسی کاریگرن به تعمیرللندر 6,18-Nov-25,96
,"$141,799 ",$18.13 ,,$66.20 ,"AFN 3,186,225","AFN 1,200",پرداخت برای کرای انتقال مواد اضافی از للندر 6 به گدام کارته سه ,18-Nov-25,97
,"$141,875 ",$75.41 ,,$66.30 ,"AFN 3,191,225","AFN 5,000",پرداخت برای محمد نسیم کرن کار بابت انتقال کانتینر 20 فت از کارته سه به للندر 6,20-Nov-25,98
,"$142,241 ",$366.52 ,,$66.30 ,"AFN 3,215,525","AFN 24,300","پرداخت برای مصارفات تعمیرللندر 6 توسط حاجی احسان الله سهاک از تاریخ 04 نوامبر الی 22 نوامبر 2025 از قبیل تیل دیزل به جنراتور,نان خشک به دفتر ساحوی,گاز مایع ,مواد خوراکه از قبیل پیاز,آب معدنی,پایپ کرمچی,رشوه به سرگروپ برقی , انجنیر حامد برقی ,کرای تکسی کاریگران,روغن مایع,متر 50 متره,مواد خوراکه بامیه,شلغم,مرچ تازه , گوشت مرغ و گاز مایع به دفتر ساحوی تعمیرللندر 6",22-Nov-25,99
,"$142,508 ",$266.32 ,,$66.30 ,"AFN 3,233,182","AFN 17,657","پرداخت برای مصارفات تعمیرللندر 6 توسط حاجی احسان الله سهاک از تاریخ 04 نوامبر الی 22 نوامبر 2025 از قبیل جالی سبز به دروازه عمومی,فوتوکاپی 4 جلد نقشه ها همراه با پوش,مواد خوراکه ,تیل دیزل به جنراتور,فیوز اتومات سه فاز و پلک و ساکت 16 امپیر,لابرتیپ , بامیه , آب نوشیدنی,گاز مایع , نان خشک , گچ به خط اندازی,پل چرخ,شاول,دبل پیچ,نوک برمه,پل برمه 8 ملی,کرای جایداد شمسی تاور بخاطر کاریگران للندر 6  و خریداری رنگ اسپری به تعمیرللندر 6",22-Nov-25,100
,"$142,649 ",$141.33 ,,$66.30 ,"AFN 3,242,552","AFN 9,370","پرداخت برای مصارفات تعمیرللندر 6 توسط حاجی احسان الله سهاک از تاریخ 04 نوامبر الی 22 نوامبر 2025 از قبیل رنگ فولادی و رنگ اسپری , مواد خوراکه سیر, رومی ,پیاز, کچالو, تخم مرغ ,آب معدنی,روغن مایع,مایع ظرفشویی,تار رجه,متر 50 متره,گوشت مرغ,سامی,شیردهن همرا با اجرت نصب,شیشه پاکن,انرژی به اسکواتورکاران , پرداخت برای انجنیران ناحیه 4 , کنترول ساختمانها و حوزه پولیس و نوشابه به انجینران ناحیه بابت تعمیرللندر 6",22-Nov-25,101
,"$152,649 ","$10,000.00 ",,$66.40 ,"AFN 3,906,552","AFN 664,000",پرداخت برای نورگل بابت کندن کاری تهکوی تعمیرللندر 6,23-Nov-25,102
,"$152,746 ",$97.03 ,,$66.30 ,"AFN 3,912,985","AFN 6,433",پرداخت اجرت ساعتوار اسکواتور در تعمیرللندر 6 بابت امورات پاک کاری ساحه بخاطر پایل های تحکیماتی للندر 6,24-Nov-25,103
,"$152,796 ",$50.00 ,$50 ,$66.30 ,"AFN 3,912,985",AFN 0,"خریداری پایپ کرمچی 6"" به کانکریت ریزی پایل های اساسی تعمیرللندر 6",24-Nov-25,104
,"$152,867 ",$70.89 ,,$66.30 ,"AFN 3,917,685","AFN 4,700",خریداری تیل پطرول به موتر هایلکس,24-Nov-25,105
,"$152,882 ",$15.02 ,,$66.60 ,"AFN 3,918,685","AFN 1,000",پرداخت معاش عبدالمتین ولد نیک محمد بابت سه روزه ماه میزان 1404 در تعمیرللندر6,25-Nov-25,106
,"$153,032 ",$150.15 ,,$66.60 ,"AFN 3,928,685","AFN 10,000",پرداخت معاش عبدالمتین ولد نیک محمد بابت ماه عقرب 1404 بابت تعمیرللندر 6,25-Nov-25,107
,"$153,062 ",$30.03 ,,$66.60 ,"AFN 3,930,685","AFN 2,000",پرداخت معاش محمد نادر ولد صوفی مقبول شاه بابت شش روزه ماه میزان 1404 در تعمیرللندر6,25-Nov-25,108
,"$153,212 ",$150.15 ,,$66.60 ,"AFN 3,940,685","AFN 10,000",پرداخت معاش عحمد نادر ولد صوفی مقبول شاه بابت ماه عقرب 1404 بابت تعمیرللندر 6,25-Nov-25,109
,"$153,227 ",$15.02 ,,$66.60 ,"AFN 3,941,685","AFN 1,000",پرداخت معاش عبدالبصیر ولد رضا بابت سه روزه ماه میزان 1404 در تعمیرللندر6,25-Nov-25,110
,"$153,377 ",$150.15 ,,$66.60 ,"AFN 3,951,685","AFN 10,000",پرداخت معاش عبدالبصیر ولد رضا بابت ماه عقرب 1404 بابت تعمیرللندر 6,25-Nov-25,111
,"$153,714 ",$336.29 ,$336 ,$66.40 ,"AFN 3,951,685",AFN 0,خریداری عطر توسط حاجی رفیع الله به رئیس صدور مجوز بابت تعمیرللندر6,26-Nov-25,112
,"$154,336 ",$622.56 ,,$66.50 ,"AFN 3,993,085","AFN 41,400",پرداخت برای محمد نسیم کرن کار بابت تعمیر پائین نمودن پایل های تعمیرللندر 6,27-Nov-25,113
,"$159,336 ","$5,000.00 ",,$66.50 ,"AFN 4,325,585","AFN 332,500",پرداخت برای نورگل بابت کندن کاری تعمیرللندر 6 معادل 5000$,27-Nov-25,114
,"$159,524 ",$187.97 ,,$66.50 ,"AFN 4,338,085","AFN 12,500",پرداخت معاش عبدالبصیرولد محمد وکیل چوکیدار تعمیرللندر 6 ماه عقرب 1404,27-Nov-25,115
,"$161,329 ","$1,804.51 ",,$66.50 ,"AFN 4,458,085","AFN 120,000",پرداخت برای نورالدین بابت سیم تابی پایل های تعمیرللندر 6,27-Nov-25,116
,"$161,336 ",$7.52 ,,$66.50 ,"AFN 4,458,585",AFN 500,پیش پرداخت برای زین الله توسط حاجی احسان الله بابت ماه عقرب 1404,27-Nov-25,117
,"$181,306 ","$19,969.92 ",,$66.50 ,"AFN 5,786,585","AFN 1,328,000",پرداخت برای حاجی عبدالکریم بابت خریداری سمنت به کانکریت ریزی پایل های اساسی تعمیرللندر 6,29-Nov-25,118
,"$181,353 ",$46.69 ,,$66.40 ,"AFN 5,789,685","AFN 3,100",خریداری پایپ کرمچی به کانکریت ریزی پایل های اساسی تعمیرللندر 6 ,30-Nov-25,119
,"$181,392 ",$39.16 ,,$66.40 ,"AFN 5,792,285","AFN 2,600",خریداری تیل پطرول به موتر کرولا نقره ایی استفاده به للندر 6,30-Nov-25,120
,"$181,844 ",$451.81 ,,$66.40 ,"AFN 5,822,285","AFN 30,000",پرداخت برای علی داد مکسر کار بابت کانکریت ریزی پایل های اساسی تعمیرللندر 6,30-Nov-25,121
,"$201,664 ","$19,820.10 ",,$66.37 ,"AFN 7,137,745","AFN 1,315,460",پرداخت برای حاجی عبدالکریم بابت خریداری سمنت به کانکریت ریزی پایل های تعمیرللندر 6,1-Dec-25,122
,"$201,668 ",$4.07 ,,$66.40 ,"AFN 7,138,015",AFN 270,خریداری کندکسر به آب بازک تعمیرللندر 6,1-Dec-25,123
,"$202,060 ",$391.57 ,,$66.40 ,"AFN 7,164,015","AFN 26,000",خریداری لین 3/4 به تعمیرللندر 6,1-Dec-25,124
,"$202,115 ",$55.72 ,,$66.40 ,"AFN 7,167,715","AFN 3,700",خریداری پایپ لابری به تعمیرللندر 6,1-Dec-25,125
,"$202,262 ",$146.23 ,,$66.40 ,"AFN 7,177,425","AFN 9,710","خریداری پایپ , زانو خم و برشینگ به تعمیرللندر 6",1-Dec-25,126
,"$202,266 ",$4.52 ,,$66.40 ,"AFN 7,177,725",AFN 300,خریداری کوتگه سامی به تعمیرللندر 6,1-Dec-25,127
,"$212,266 ","$10,000.00 ","$10,000 ",$66.40 ,"AFN 7,177,725",AFN 0,پرداخت برای جاوید سکندری بابت سیخ گول تعمیرللندر 6,2-Dec-25,128
,"$212,504 ",$238.35 ,,$66.12 ,"AFN 7,193,485","AFN 15,760","پرداخت برای مصارفات حاجی احسان الله از تاریخ 25 نوامبر الی 03 دسمبر 2025 از قبیل تیل دیزل به جنراتور,لحاف یک نفره ,بوره , نمک,سیمک, آب معدنی,گچ,لوبیا,نخود,بوره,چای سبز,روغن ,کچالو,اندل به جنراتور,تخم مرغ,تیل پطول به موتر,گاز مایع ,جین لین,اسپیری ,پنچری تایر کراچی و اجرت پائین کردن سمنت توسط مزدورکاران تعمیرللندر 6",3-Dec-25,129
,"$212,853 ",$348.15 ,,$66.12 ,"AFN 7,216,505","AFN 23,020","پرداخت برای مصارفات حاجی احسان الله از تاریخ 25 نوامبر الی 03 دسمبر 2025 از قبیل کرای رفت و آمد انجنیر وحید به للندر 4, کرای تکسی انجنیر محبوب الله و کرای موتر کارمندان به تعمیرللندر 6 ,پرداخت برای برقی ساحه بابت فیوز سوخته گی ,کرای تکسی سیخ از سرای مطیع الله,نان خشک , برشینگ ,تبدیل , تفلون, برق دستی ,آب نوشیدنی,جاین کلفت , دستکش ,مصاله دیگ , کتر , مبلایل تبدیلی جنراتور, و کری موتر و اجرت سه نفر مزدور کاران بابت پیش کردن سمنت به تعمیرللندر 6",3-Dec-25,130
,"$212,884 ",$31.76 ,,$66.12 ,"AFN 7,218,605","AFN 2,100",خریداری تیل دیزل به جنراتور تعمیرللندر 6,3-Dec-25,131
,"$218,134 ","$5,249.77 ",,$66.00 ,"AFN 7,565,090","AFN 346,485",پرداخت برای  حاجی عبدالکریم خریداری سیمنت ایرانی به کانکریت ریزی پایل های تعمیرللندر 6,4-Dec-25,132
,"$218,513 ",$378.79 ,,$66.00 ,"AFN 7,590,090","AFN 25,000",پرداخت برای علی داد مکسر کار بدست زمان برادرش بابت کانکریت ریزی پایل های تعمیرللندر 6,4-Dec-25,133
,"$222,750 ","$4,236.74 ",,$66.00 ,"AFN 7,869,715","AFN 279,625",پرداخت برای شرکت سلیمان داودزی بابت خریداری ریگ و کرش به پایل های تعمیرللندر 6,4-Dec-25,134
,"$227,750 ","$5,000.00 ",,$66.00 ,"AFN 8,199,715","AFN 330,000",پرداخت برای نور گل بابت کندن کاری تهکوی تعمیرللندر 6,4-Dec-25,135
,"$228,000 ",$250.00 ,,$66.00 ,"AFN 8,216,215","AFN 16,500",پرداخت برای نورالدین بابت سیم تابی پایل های تعمیرللندر 6,4-Dec-25,136
,"$228,129 ",$129.00 ,$129 ,$66.00 ,"AFN 8,216,215",AFN 0,خریداری تحفه توسط حاجی رفیع الله بابت تعمیرللندر 6,4-Dec-25,137
,"$238,664 ","$10,535.76 ",,$66.00 ,"AFN 8,911,575","AFN 695,360",پرداخت برای حاجی عبدالکریم بابت خریداری سمنت به تعمیرللندر 6,7-Dec-25,138
,"$239,195 ",$530.30 ,,$66.00 ,"AFN 8,946,575","AFN 35,000",پرداخت برای نورالدین بابت سیم تابی پایل های تعمیرللندر 6,7-Dec-25,139
,"$239,263 ",$68.80 ,,$66.13 ,"AFN 8,951,125","AFN 4,550",خریداری تیل پطرول به موتر هایلکس,7-Dec-25,140
,"$239,698 ",$434.47 ,,$66.15 ,"AFN 8,979,865","AFN 28,740","پرداخت برای مصارفات بل های حاجی احسان الله سهاک از تاریخ 03 دسمبر 2025 الی 10 دسمبر 2025 تعمیرلندر6 از قبیل گوشت مرغ ,پیاز ,سبزی,آب نوشیدنی ,تاسک وال ماشین,تیل دیزل,بیلر بخاطر کانکریت,کرای زرنج,کرای رفت و آمد از ساحه للندر 6 به دفتر کارته چهار,گاز مایع,پل چرخ,جور کردن فیوز سوخته گی صندوق برق,تیل دیزل به جنراتور,اجرت مزدور کاران بخاطر پیش نمودن سمنت ,کراچی از نل 40 ,مواد خوراکه, اجرت 4 نفر  تیل دیزل به جنراتور و لابرتیب به تعمیرللندر 6",10-Dec-25,141
,"$239,705 ",$7.56 ,,$66.15 ,"AFN 8,980,365",AFN 500,پیش پرداخت برای عبدالمتین بابت ماه قوس 1404,10-Dec-25,142
,"$239,713 ",$7.56 ,,$66.15 ,"AFN 8,980,865",AFN 500,پرداخت برای مصارفات بل های حاجی احسان الله سهاک از تاریخ 03 دسمبر 2025 الی 10 دسمبر 2025 تعمیرلندر6 پش پرداخت برای میرویس ولد عبدالبصیر بابت ماه قوس 1404,10-Dec-25,143
,"$239,769 ",$56.08 ,,$66.15 ,"AFN 8,984,575","AFN 3,710",پرداخت برای مصارفات بل های حاجی احسان الله سهاک از تاریخ 03 دسمبر 2025 الی 10 دسمبر 2025 تعمیرلندر6 رداخت برای مزدورکاران نورالدین بابت پائین نمودن سمنت و هموار کاری ساحه جاینت B و خریداری آب نوشیدنی به تعمیرللندر 6,10-Dec-25,144
,"$239,906 ",$136.96 ,,$66.15 ,"AFN 8,993,635","AFN 9,060"," پرداخت برای مصارفات بل های حاجی احسان الله سهاک از تاریخ 03 دسمبر 2025 الی 10 دسمبر 2025 تعمیرلندر6 از قبیل گوشت تیل دیزل , گاز مایع , پیچ کش برقی ,خرپیچ , سیمک دیگ ,آب نوشیدنی,اجرت 4 نفر مزدورکاران,بابت پیش کردن سمنت,تیل دیزل به جنراتور و خریداری پائیپ کرمچی به تعمیرللندر 6",10-Dec-25,145
,"$259,969 ","$20,062.59 ",,$66.15 ,"AFN 10,320,775","AFN 1,327,140",پرداخت برای حاجی عبدالکریم بابت خریداری سمنت ایرانی به کانکریت ریزی پایل های تعمیرللندر6,10-Dec-25,146
,"$266,155 ","$6,186.70 ",,$66.15 ,"AFN 10,730,025","AFN 409,250",پرداخت برای شرکت سلیمان داودزی توسط مشعل بابت خریداری ریگ و جغل به تعمیرللندر 6,10-Dec-25,147
,"$266,609 ",$453.51 ,,$66.15 ,"AFN 10,760,025","AFN 30,000",پرداخت برای علی داد مکسر کار بابت کانکریت ریزی پایل های اساسی تعمیرللندر6,10-Dec-25,148
,"$271,613 ","$5,003.78 ",,$66.15 ,"AFN 11,091,025","AFN 331,000",پرداخت برای نور گل بابت کندن کاری تعمیرللندر6 بدست مشعل به گفته نور گل توسط زنگ مبایل,10-Dec-25,149
,"$273,124 ","$1,511.72 ",,$66.15 ,"AFN 11,191,025","AFN 100,000",پرداخت برای نورالدین بابت سیم تابی پایل های تعمیرللندر6,10-Dec-25,150
,"$273,427 ",$302.34 ,,$66.15 ,"AFN 11,211,025","AFN 20,000",پرداخت برای محمد نسیم کرن کار بابت پائین نمودن پایل های تعمیرللندر6,10-Dec-25,151
,"$288,427 ","$15,000.00 ",,$66.15 ,"AFN 12,203,275","AFN 992,250",پرداخت برای عظیم الله جهادیار بابت حفاری پایل های اساسی تعمیرللندر6,11-Dec-25,152
,"$288,442 ",$15.12 ,,$66.15 ,"AFN 12,204,275","AFN 1,000",پرداخت برای انجنیر وحید الله صدیقی بخاطر انترنت و کارت مبایل  بابت تعمیرللندر6,11-Dec-25,153
,"$288,444 ",$2.27 ,,$66.15 ,"AFN 12,204,425",AFN 150,پرداخت کرای تکسی کاریگرها به تعمیرللندر 6,11-Dec-25,154
,"$288,880 ",$435.70 ,,$66.10 ,"AFN 12,233,225","AFN 28,800",خریداری مواد ضد نم به کانکریت ریزی شفته بالای سنگ بولدر تعمیرللندر 6,14-Dec-25,155
,"$288,881 ",$1.36 ,,$66.10 ,"AFN 12,233,315",AFN 90,خریداری رجه به تعمیرللندر 6,14-Dec-25,156
,"$299,397 ","$10,515.89 ",,$66.10 ,"AFN 12,928,415","AFN 695,100",پرداخت برای حاجی عبدالکریم بابت خریداری سمنت به تعمیرللندر6,14-Dec-25,157
,"$299,420 ",$22.69 ,,$66.10 ,"AFN 12,929,915","AFN 1,500",پرداخت برای گلکار بابت شفته کاری تعمیرللندر6,14-Dec-25,158
,"$299,620 ",$200.00 ,$200 ,$66.10 ,"AFN 12,929,915",AFN 0,پرداخت برای انجنیر عبدالقدیر نبوی بابت تضمین جواز و انجنیر بابت امر تعمیرللندر 6,14-Dec-25,159
,"$299,798 ",$178.52 ,,$66.10 ,"AFN 12,941,715","AFN 11,800",خریداری و تهیه لباس برای  کارمندان ریاست صدور مجوز و کنترول ساختمانها بابت تعمیرللندر 6,14-Dec-25,160
,"$299,904 ",$105.90 ,,$66.10 ,"AFN 12,948,715","AFN 7,000",خریداری اسپیسر به تعمیرللندر 6,15-Dec-25,161
,"$300,904 ","$1,000.00 ",,$66.20 ,"AFN 13,014,915","AFN 66,200",پرداخت برای علی داد مکسر کار بابت کانکریت ریزی پایل های اساسی تعمیرللندر6,17-Dec-25,162
,"$301,170 ",$265.46 ,,$66.30 ,"AFN 13,032,515","AFN 17,600",پرداخت برای خریداری مواد ضد نم به تعمیرللندر 6,18-Dec-25,163
,"$306,449 ","$5,279.03 ",,$66.30 ,"AFN 13,382,515","AFN 350,000",پرداخت برای حاجی عبدالکریم بابت خریداری سمنت ایرانی به تعمیرللندر 6,18-Dec-25,164
,"$307,949 ","$1,500.00 ",,$66.30 ,"AFN 13,481,965","AFN 99,450",پرداخت برای نورالدین بابت سیم تابی تعمیرللندر 6,18-Dec-25,165
,"$309,842 ","$1,892.91 ",,$66.30 ,"AFN 13,607,465","AFN 125,500",پرداخت برای شرکت ساختمانی سلیمان داودزی بابت خریداری ریگ شسته و جغل بادامی به تعمیرللندر 6,18-Dec-25,166
,"$310,004 ",$162.90 ,,$66.30 ,"AFN 13,618,265","AFN 10,800",پرداخت برای نسیم کرن کار بابت پائین کردن پایل های تعمیرللندر 6,18-Dec-25,167
,"$310,504 ",$500.00 ,,$66.20 ,"AFN 13,651,365","AFN 33,100",پرداخت برای نورالدین بابت سیم تابی تعمیرللندر6 ,20-Dec-25,168
,"$337,011 ","$26,506.03 ",,$66.30 ,"AFN 15,408,715","AFN 1,757,350",پرداخت و تصفیه حساب عظیم الله بابت حفاری پایل های اساسی تعمیرللندر 6,21-Dec-25,169
,"$337,803 ",$792.23 ,,$66.30 ,"AFN 15,461,240","AFN 52,525",پرداخت و تصفیه حساب باقیمانده عظیم الله بابت حفاری پایل های تحکیماتی تعمیرللندر 6,21-Dec-25,170
,"$337,868 ",$65.15 ,,$66.00 ,"AFN 15,465,540","AFN 4,300",خریداری تیل پطرول A90 به موتر هایلکس بابت تعمیرللندر 6,22-Dec-25,
,"$337,911 ",$42.75 ,,$65.50 ,"AFN 15,468,340","AFN 2,800",پرداخت برای مبلایل تبدیلی و فلتر مبلایل به موتر هایلکس بابت تعمیرللندر6,23-Dec-25,
,"$338,325 ",$414.79 ,,$66.00 ,"AFN 15,495,716","AFN 27,376","پرداخت برای حاجی احسان الله سهاک بابت مصارفات تاریخ های مختلف به تعمیرللندر6 از تاریخ 10 دسمبر 2025 الی 24 دسمبر 2025 از قبیل خریداری گاز مایع به دفتر ساحوی , اسپیسر , تیل دیزل به جنراتور ,فیوز 20 امپیر,ساکت واتر پمپ ,لابرتیب ضد آب , استپلر,پلاستیک شیت ,سیخ ولدینگ ,مواد خوراکه ,کلند ,چای خشک , کچالو ,نل 1"" ,و غیره ضرویات مواد ساختمانی به تعمیرللندر 6 ",24-Dec-25,171
,"$338,522 ",$196.97 ,,$66.00 ,"AFN 15,508,716","AFN 13,000",پرداخت برای نورالدین بابت ازاجرت 43 نفر مزدورکار بابت پائین نمودن سمنت های خریداری شده به تعمیرللندر 6,24-Dec-25,
,"$338,560 ",$37.88 ,,$66.00 ,"AFN 15,511,216","AFN 2,500",پرداخت برای اجرت اجاره کار در جاینت B تعمیرللندر 6 ,24-Dec-25,
,"$338,562 ",$1.67 ,,$66.00 ,"AFN 15,511,326",AFN 110,خریداری بولت 12 و سر شاخ به تعمیرللندر6,24-Dec-25,
,"$338,645 ",$83.33 ,,$66.00 ,"AFN 15,516,826","AFN 5,500",پرداخت برای قربان کرن کار بابت پائین نمودن 4 حلقه پایل رمپ تعمیرللندر 6,24-Dec-25,
,"$340,216 ","$1,571.00 ",,$66.20 ,"AFN 15,620,826","AFN 104,000","پرداخت برای شرکت مواد ساختمانی سلیمان داودزی بابت خریداری ریگ شسته , جغل بادامی به تعمیرللندر 6",24-Dec-25,172
,"$340,669 ",$453.17 ,,$66.20 ,"AFN 15,650,826","AFN 30,000",پرداخت برای علی داد مکسر کار بابت کانکریت ریزی پایل های اساسی تعمیرللندر6,24-Dec-25,173
,"$340,820 ",$151.06 ,,$66.20 ,"AFN 15,660,826","AFN 10,000",پیش پرداخت برای انجنیر وحید الله ولد حبیب الله بابت ماه قوس 1404 للندر 6,24-Dec-25,174
,"$341,041 ",$220.21 ,,$66.30 ,"AFN 15,675,426","AFN 14,600",پرداخت و تصفیه حساب محمد نسیم کرن کار بابت پائین کردن پایل های تعمیرللندر6 بدست رحمت الله ,25-Dec-25,175
,"$341,108 ",$67.67 ,,$66.20 ,"AFN 15,679,906","AFN 4,480",خریداری تیل پطرول به موتر هایلکس بابت تعمیرللندر 6,28-Dec-25,
,"$341,786 ",$677.95 ,,$66.20 ,"AFN 15,724,786","AFN 44,880",پرداخت شرکت هرات الکتریک بابت خریداری کیبل مغان به تعمیرللندر 6,29-Dec-25,176
,"$341,794 ",$7.58 ,,$66.00 ,"AFN 15,725,286",AFN 500,خریداری تیل پطرول به موتر کرولا نقره ایی استفاده به للندر 6,30-Dec-25,177
,"$341,945 ",$151.52 ,,$66.00 ,"AFN 15,735,286","AFN 10,000",پرداخت معاش محمد نادر ولد صوفی مقبول شاه بابت ماه قوس 1404,31-Dec-25,178
,"$342,135 ",$189.39 ,,$66.00 ,"AFN 15,747,786","AFN 12,500",پرداخت معاش محمد بصیر ولد محمد وکیل چوکیدار تعمیرللندر 6 بابت ماه قوس 1404,31-Dec-25,179
,"$342,213 ",$78.29 ,,$66.00 ,"AFN 15,752,953","AFN 5,167",پرداخت معاش باقیمانده میرویس ولد عبدالبصیر کاریگر للندر 6 بابت ماه قوس 1404,31-Dec-25,180
,"$342,357 ",$143.94 ,,$66.00 ,"AFN 15,762,453","AFN 9,500",پرداخت معاش باقیمانده عبدالمتین ولد نیک محمد کاریگر للندر 6 بابت ماه قوس 1404,31-Dec-25,181
,"$342,509 ",$151.52 ,,$66.00 ,"AFN 15,772,453","AFN 10,000",پرداخت معاش عبدالبصیر ولد رضا کاریگر للندر 6 بابت ماه قوس 1404,31-Dec-25,182
,"$342,519 ",$10.30 ,,$66.00 ,"AFN 15,773,133",AFN 680,"پرداخت برای مصارف نان چاشت حاجی عاشق الله , فرید و نورالدین قالبکار بابت خریدرای مواد قالبکاری به تعمیرللندر6",31-Dec-25,183
,"$342,746 ",$227.27 ,,$66.00 ,"AFN 15,788,133","AFN 15,000",پرداخت معاش باقیمانده انجنیر وحید الله ولد حبیب الله بابت ماه قوس 1404,31-Dec-25,184
,"$342,822 ",$75.76 ,,$66.00 ,"AFN 15,793,133","AFN 5,000",پیش پرداخت برای انجنیر وحید الله ولد حبیب الله بابت ماه جدی 1404,31-Dec-25,185
,"$343,522 ",$700.00 ,,$66.00 ,"AFN 15,839,333","AFN 46,200",پرداخت برای نورالدین بابت سیم تابی تعمیرللندر6,31-Dec-25,186
,"$344,522 ","$1,000.00 ",,$66.00 ,"AFN 15,905,333","AFN 66,000",پرداخت برای نورالدین قالبکاربابت سیم تابی تعمیرللندر6,3-Jan-26,188
,"$344,739 ",$217.42 ,,$66.00 ,"AFN 15,919,683","AFN 14,350","پرداخت برای مصارف روزانه  حاجی احسان الله سهاک در تعمیرللندر 6 از قبیل خریداری لابرتیپ ,کیک برای مهمانن , آب نوشیدنی, تیوب , تیل دیزل , تار رجه , دسته بیل , مواد ایزومات و ضد نم ",7-Jan-26,189
,"$344,832 ",$93.18 ,,$66.00 ,"AFN 15,925,833","AFN 6,150","پرداخت برای مصارف روزانه  حاجی احسان الله سهاک در تعمیرللندر 6 خریداری تیل دیزل , پل برش , دستکش , شش رخی , رول یک متره , کرا ی موتر به ریاست شهر سازی , تیل دیزل , آب نوشیدنی , مبلایل و میخ 4"" و میخ 12 "" به تعمیرللندر 6",7-Jan-26,
,"$344,935 ",$102.12 ,,$66.00 ,"AFN 15,932,573","AFN 6,740","پرداخت برای مصارف روزانه  حاجی احسان الله سهاک در تعمیرللندر 6 خریداری گاز مایع , روب , روغن , گوشت , آب معدنی, کچالو , زردک , پیاز,میخ ساده و میخ فولادی , تیل دیزل به جنراتور , برای ترافیک بخاطر تخلیه 5 موتر سیخ گول و خرید میخ فولادی , لابرتیب به تعمیرللندر 6",7-Jan-26,
,"$345,161 ",$226.67 ,,$66.00 ,"AFN 15,947,533","AFN 14,960","پرداخت برای مصارف روزانه  حاجی احسان الله سهاک در تعمیرللندر 6 پرداخت اجرت دو نفر کاریگر و یک نفر برقی بخاطر کانکریت ریزی ,خریداری گاز مایع , روب کلان , چای خشک , دال نخود, روغن مایع , ظرفشویی , گوشت ,کرای موتر , پول نان خشک , اجرت شش نفر مزدورکار ,خرید ساکت برق و فوتوکاپی نقشه های تعمیرللندر 6",7-Jan-26,
,"$346,116 ",$954.55 ,,$66.00 ,"AFN 16,010,533","AFN 63,000",پرداخت برای برای سلیمان داودزی بابت خریداری کرش به تعمیرللندر6,7-Jan-26,190
,"$353,126 ","$7,010.61 ",,$66.00 ,"AFN 16,473,233","AFN 462,700",پرداخت برای نور گل بابت کندن کاری تعمیرللندر6,7-Jan-26,191
,"$354,123 ",$996.98 ,,$66.20 ,"AFN 16,539,233","AFN 66,000",پرداخت برای نورالدین بابت سیم تابی تعمیرللندر6,11-Jan-26,192
,"$354,154 ",$30.21 ,,$66.20 ,"AFN 16,541,233","AFN 2,000",خریداری تیل پطرول به موتر هایلکس به تعمیرللندر 6,11-Jan-26,
,"$356,151 ","$1,996.98 ",,$66.30 ,"AFN 16,673,633","AFN 132,400",پرداخت برای نورالدین سیم تابی بابت تعمیرللندر6,14-Jan-26,193
,"$356,422 ",$271.49 ,,$66.30 ,"AFN 16,691,633","AFN 18,000",پرداخت برای نورالدین قالبکاری پایل های تحکیماتی  تعمیرللندر6,14-Jan-26,194
,"$357,633 ","$1,211.16 ",,$66.30 ,"AFN 16,771,933","AFN 80,300",پرداخت و تصفیه حساب مکمل علی داد مکسر کار بابت تعمیرللندر6,14-Jan-26,195
,"$357,648 ",$15.08 ,,$66.30 ,"AFN 16,772,933","AFN 1,000",پرداخت برای علی داد مکسر کاری بابت کرای انتقال مکسر کانکریت ریزی به تعمیرللندر6,14-Jan-26,196
,"$360,952 ","$3,303.17 ",,$66.30 ,"AFN 16,991,933","AFN 219,000",پرداخت برای شرکت ساختمانی سلیمان داودزی بابت خریداری کرش و ریگ به تعمیرللندر6,14-Jan-26,197
,"$381,098 ","$20,146.15 ",,$66.30 ,"AFN 18,327,623","AFN 1,335,690",پرداخت و تصفیه حساب مکمل نور گل بابت کندن کاری دو منزل تهکوی تعمیرللندر و اجرت ساعتوار اسکواتو در تعمیرللندر 6,14-Jan-26,198
,"$381,113 ",$15.08 ,,$66.30 ,"AFN 18,328,623","AFN 1,000",خریداری کارت مبایل به انجنیر وحیدالله بابت انترنت دو ماهه در تعمیرللندر6,14-Jan-26,199
,"$381,633 ",$520.00 ,$520 ,$66.30 ,"AFN 18,328,623",AFN 0,خریدرای سیم 1.5 ملی جستی به تعمیرللندر6,14-Jan-26,200
,"$381,784 ",$150.83 ,,$66.30 ,"AFN 18,338,623","AFN 10,000",پیش پرداخت برای انجنیر وحید الله ولد حبیب الله بابت ماه جدی 1404,15-Jan-26,201
,"$381,845 ",$61.84 ,,$66.30 ,"AFN 18,342,723","AFN 4,100",خریداری تیل پطرول به موتر هایلکس تعمیرللندر 6,15-Jan-26,
,"$381,996 ",$150.94 ,,$66.25 ,"AFN 18,352,723","AFN 10,000",پرداخت معاش میرویس ولد عبدالبصیر بابت ماه جدی 1404 کاریگر تعمیرللندر 6,24-Jan-26,202
,"$382,147 ",$150.94 ,,$66.25 ,"AFN 18,362,723","AFN 10,000",پرداخت معاش عبدالبصیر ولد رضا کاریگر تعمیرللندر6 بابت ماه جدی 1404,24-Jan-26,203
,"$382,208 ",$60.38 ,,$66.25 ,"AFN 18,366,723","AFN 4,000",خریداری تیل پطرول به موتر هایلکس بابت تعمیرللندر 6,26-Jan-26,
,"$382,359 ",$151.06 ,,$66.20 ,"AFN 18,376,723","AFN 10,000",پرداخت معاش عبدالمتین ولد نیک محمد کاریگر تعمیرللندر 6 بابت ماه جدی 1404,27-Jan-26,204
,"$382,585 ",$226.59 ,,$66.20 ,"AFN 18,391,723","AFN 15,000",پرداخت معاش باقیمانده انجنیر وحید الله ولد حبیب الله بابت تعمیرللندر 6,27-Jan-26,205
,"$382,777 ",$191.57 ,,$65.25 ,"AFN 18,404,223","AFN 12,500",پرداخت معاش عبدالبصیر ولد محمد وکیل چوکیدار تعمیرللندر 6 بابت ماه جدی 1404,29-Jan-26,206
,"$382,828 ",$51.08 ,,$65.25 ,"AFN 18,407,556","AFN 3,333",پرداخت معاش سردار ولی ولد صبرالله بابت ماه جدی 1404 کاریگر تعمیرللندر6,29-Jan-26,207
,"$382,879 ",$51.08 ,,$65.25 ,"AFN 18,410,889","AFN 3,333",پرداخت معاش صبرالله ولد الله محمد بابت ماه جدی 1404 کاریگر تعمیرللندر6,29-Jan-26,208
,"$382,935 ",$56.20 ,,$65.25 ,"AFN 18,414,556","AFN 3,667",پرداخت معاش علی محمد ولد جمعه خان بابت ماه جدی 1404 کاریگرتعمیرللندر6,29-Jan-26,209
,"$383,089 ",$153.26 ,,$65.25 ,"AFN 18,424,556","AFN 10,000",پرداخت معاش محمد نادر ولد صوفی مقبول شاه بابت ماه جدی 1404 کاریگر تعمیرللندر6,29-Jan-26,210
,"$385,446 ","$2,357.89 ",,$66.50 ,"AFN 18,581,356","AFN 156,800",پرداخت برای شیرباز بابت خریداری سنگ بولدر به تعمیرللندر 6,31-Jan-26,211
,"$385,946 ",$500.00 ,,$66.50 ,"AFN 18,614,606","AFN 33,250",پرداخت برای نورالدین بابت سیم تابی تعمیرللندر 6,31-Jan-26,212
,"$386,000 ",$54.00 ,$54 ,$66.50 ,"AFN 18,614,606",AFN 0,پرداخت برای شرکت زمزم استیل بابت خریداری سیم جستی 1.5 ملی به تعمیرللندر6 (بتاریخ 19 جنوری پرداخت گردیده و شامل راپور 31 گردیده ),31-Jan-26,213
,"$386,046 ",$45.11 ,,$66.50 ,"AFN 18,617,606","AFN 3,000",خریداری تیل پطرول به موتر هایلکس بابت تعمیرللندر 6,31-Jan-26,
,"$386,159 ",$113.91 ,,$65.40 ,"AFN 18,625,056","AFN 7,450","پرداخت برای مصارفات روزانه حاجی احسان الله سهاک در تعمیرللندر 6 از قبیل اجرت سه نفر علی داد بخاطر کانکریت ریزی ,  کشیدن مکسر توسط کرن از تهکوی به روی زمین و دو نفر کاریگر ,خرید آب  کچالو , تیل دیزل به جنراتور ,",2-Feb-26,214
,"$386,220 ",$61.01 ,,$65.40 ,"AFN 18,629,046","AFN 3,990","پرداخت برای مصارفات روزانه حاجی احسان الله سهاک در تعمیرللندر 6 از قبیل خرید لحاف یک نفره , دسته بیل , کلند,جین کلفت ترکی , قفل  و پرداخت برای انجنیران ناحیه 4 بخاطر بازدید و امضا سیخ بندی  های تعمیرللندر 6",2-Feb-26,
,"$386,264 ",$43.88 ,,$65.40 ,"AFN 18,631,916","AFN 2,870","پرداخت برای مصارفات روزانه حاجی احسان الله سهاک در تعمیرللندر 6 از قبیل خریداری گوشت , آب معدنی , مرچ تازه , گاز مایع ,بالشت ,چاینک و موا دخوراکه برای کاریگران تعمیرللندر 6",2-Feb-26,
,"$386,619 ",$354.43 ,,$65.40 ,"AFN 18,655,096","AFN 23,180","پرداخت برای مصارفات روزانه حاجی احسان الله سهاک در تعمیرللندر 6 از قبیل پرداخت بل برق و کرای موتر بصیر, گاز مایع , گوشت , مرچ تازه , آب معدنی  , پرداخت برای خبازی بابت خرید نان خشک و کرای ماه دلو و شمس پلازا بابت کاریگران نورالدین ",2-Feb-26,
,"$386,729 ",$110.55 ,,$65.40 ,"AFN 18,662,326","AFN 7,230","پرداخت برای مصارفات روزانه حاجی احسان الله سهاک در تعمیرللندر 6 از قبیل خریداری گاز مایع , رومی خشک , گوشت , سبزی , برنج , لوبیا , دالنخود , مایع ظرفشویی , پیاز , کچالو , سیر و کرای موتر و خرید دستکش به کاریگران تعمیرللندر 6",2-Feb-26,
,"$386,752 ",$22.78 ,,$65.40 ,"AFN 18,663,816","AFN 1,490","پرداخت برای مصارفات روزانه حاجی احسان الله سهاک در تعمیرللندر 6 از قبیل خریداری تکه صافی , آب معدنی , ریگ شسته , پلاس , پیچکش , قفل , دبل , چکش آهنی و پیچ اسکرو به تعمیرللندر 6",2-Feb-26,
,"$386,772 ",$42.68 ,,$65.60 ,"AFN 18,666,616","AFN 2,800",پرداخت برای مبلایل تبدیلی و فلتر مبلایل به موتر هایلکس بابت تعمیرللندر6,3-Feb-26,
,"$387,767 ",$995.42 ,,$65.50 ,"AFN 18,731,816","AFN 65,200",پرداخت برای نورالدین بابت سیم تابی تعمیرللندر 6,4-Feb-26,215
,"$388,088 ",$320.61 ,,$65.50 ,"AFN 18,752,816","AFN 21,000",پرداخت برای برای مصارفات روزانه کاریگران نورالدین بخاطر توقف کار پروژه للندر6,4-Feb-26,216
,"$388,546 ",$458.02 ,,$65.50 ,"AFN 18,782,816","AFN 30,000",پرداخت برای نورالدین بابت سیم تابی تعمیرللندر 6 که بتاریخ 26 فبروری پرداخت گردیده بود,4-Feb-26,217
,"$388,604 ",$58.44 ,,$64.85 ,"AFN 18,786,606","AFN 3,790",خریداری تیل پطرول به موتر هایلکس بابت تعمیرللندر 6,5-Feb-26,
,"$388,704 ",$100.00 ,,$65.00 ,"AFN 18,793,106","AFN 6,500",پیش پرداخت برای انجنیر وحید الله ولد حبیب الله بابت ماه دلو 1404 تعمیرللندر 6,7-Feb-26,218
,"$388,739 ",$34.39 ,,$64.85 ,"AFN 18,795,336","AFN 2,230",خریداری تیل پطرول به موتر هایلکس بابت تعمیرللندر 6,8-Feb-26,
,"$388,755 ",$15.65 ,,$63.90 ,"AFN 18,796,336","AFN 1,000",خریداری تیل پطرول به موتر هایلکس بابت تعمیرللندر 6,15-Feb-26,
,"$391,652 ","$2,897.64 ",,$63.50 ,"AFN 18,980,336","AFN 184,000",پرداخت برای حاجی عبدالکریم بابت خریداری سمنت به تعمیرللندر 6,16-Feb-26,219
,"$391,756 ",$103.94 ,,$63.50 ,"AFN 18,986,936","AFN 6,600",خریدرای سنگ سیاه ( اسپیسر ) به تعمیرللندر 6,16-Feb-26,220
,"$392,285 ",$529.13 ,,$63.50 ,"AFN 19,020,536","AFN 33,600",خریداری مواد ضد نم به کانکریت ریزی بالای سنگ بولدر تعمیرللندر 6,16-Feb-26,221
,"$422,285 ","$30,000.00 ","$30,000 ",$63.50 ,"AFN 19,020,536",AFN 0,پیش پرداخت برای شرکت توحید مسکن بابت کانکریت ریزی فوندیشن تعمیرللندر 6 توسط صرافی خانی گل ,16-Feb-26,222
,"$422,523 ",$238.10 ,,$63.00 ,"AFN 19,035,536","AFN 15,000",پرداخت پول باقیمانده علی داد مکسر کار بابت شفته ریزی چاینت A تعمیرللندر 6,18-Feb-26,223
,"$423,436 ",$912.70 ,,$63.00 ,"AFN 19,093,036","AFN 57,500",پرداخت برای نورالدین بابت مصارفات روزانه کاریگرانش از درک تعمیرللندر 6,18-Feb-26,224
,"$423,460 ",$23.85 ,,$62.90 ,"AFN 19,094,536","AFN 1,500",خریداری تیل سوپر پطرول به موتر هایلکس بابت تعمیرللندر 6,18-Feb-26,
,"$423,595 ",$134.92 ,,$63.00 ,"AFN 19,103,036","AFN 8,500",پرداخت اجرت کرن کار بابت پائین نمودن 17 بندل سیخ گول به تعمیرللندر6,19-Feb-26,225
,"$423,888 ",$293.65 ,,$63.00 ,"AFN 19,121,536","AFN 18,500",پرداخت معاش باقیمانده انجنیر وحید الله ولد حبیب الله انجنیر تعمیرللندر 6,19-Feb-26,226
,"$423,914 ",$25.40 ,,$63.00 ,"AFN 19,123,136","AFN 1,600",پرداخت برای چاپ لوگو به واسکت ها بابت تعمیرللندر6,21-Feb-26,229
,"$423,977 ",$62.70 ,,$63.00 ,"AFN 19,127,086","AFN 3,950",خریداری تیل پطرول به موتر هایلکس بابت تعمیرللندر 6,21-Feb-26,
,"$423,992 ",$15.87 ,,$63.00 ,"AFN 19,128,086","AFN 1,000",پرداخت برای انجینیر وحید الله بابت خریداری کارت مبایل به فعال نمودن انترنت بابت دوماه به تعمیرللندر 6,22-Feb-26,230
,"$443,992 ","$20,000 ","$20,000 ",$63.00 ,"AFN 19,128,086",AFN 0,پرداخت برای شرکت کانکریت ریزی توحید مسکن بابت فوندیشن تعمیرللندر 6,22-Feb-26,231
,"$444,024 ",$31.60 ,,$63.30 ,"AFN 19,130,086","AFN 2,000",پرداخت برای قربان کرن کار بابت انتقال جنراتور از تعمیرللندر2 به تعمیرللندر 6,23-Feb-26,232
,"$444,027 ",$3.00 ,,$63.30 ,"AFN 19,130,276",AFN 190,خریداری تیل پطرول به موترسایکل بخاطر رفتن از للندر 4 به للندر 6,24-Feb-26,233
,"$444,143 ",$115.94 ,,$63.25 ,"AFN 19,137,609","AFN 7,333",پرداخت معاش میرویس ولد عبدالبصیر کاریگر تعمیرللندر 6 بابت ماه دلو 1404,25-Feb-26,234
,"$444,341 ",$197.63 ,,$63.25 ,"AFN 19,150,109","AFN 12,500",پرداخت معاش محمد بصیر ولد محمد وکیل کاریگر تعمیرللندر 6 بابت ماه دلو 1404,25-Feb-26,235
,"$444,499 ",$158.10 ,,$63.25 ,"AFN 19,160,109","AFN 10,000",پرداخت معاش صبرالله ولد الله محمد کاریگر تعمیرللندر6 بابت ماه دلو 1404,25-Feb-26,236
,"$444,657 ",$158.10 ,,$63.25 ,"AFN 19,170,109","AFN 10,000",پرداخت معاش سردار ولی ولد صبرالله کاریگر تعمیرللندر6 بابت ماه دلو 1404,25-Feb-26,237
,"$444,815 ",$158.10 ,,$63.25 ,"AFN 19,180,109","AFN 10,000",پرداخت معاش علی احمد ولد جمعه خان کاریگر تعمیرللندر6 بابت ماه دلو1404,25-Feb-26,238
,"$445,335 ",$520.26 ,,$63.53 ,"AFN 19,213,161","AFN 33,052","پرداخت برای مصارفات روازه  حاجی احسان به تعمیرللندر 6 از تاریخ 03 فبروری الی 25 فبروری 2026 از قبیل خرید گوشت , آب معدنی , کرای موتر انجنیر وحید الله , خرید پرزه جات به ترمیم جنراتور , رنگ لور خورد , ریگمال , لور وسط و استر , خریداری تیل پطرول و دیزل , رنگ روغنی ,برس , لور و استر پرداخت بل برق  به تعمیرللندر 6",25-Feb-26,239
,"$445,421 ",$86.10 ,,$63.53 ,"AFN 19,218,631","AFN 5,470","پرداخت برای مصارفات روازه  حاجی احسان به تعمیرللندر 6 از تاریخ 03 فبروری الی 25 فبروری 2026 از قبیل خرید تیل دیزل ,مبلایل, پیاز , پالک , سیر , کمربند ,چپلق به قومندان ساحوی , دستکش , تیل دیزل به جنراتور ,سنگ برش به تعمیرللندر 6",25-Feb-26,
,"$445,521 ",$99.80 ,,$63.53 ,"AFN 19,224,971","AFN 6,340","پرداخت برای مصارفات روازه  حاجی احسان به تعمیرللندر 6 از تاریخ 03 فبروری الی 25 فبروری 2026 از قبیل پرداخت برای اجرت روز گلکار بابت کانکریت ریزی جاینت A , خرید گاز مایع , پل برش , گوشت ,رومی ,آب معدنی ,تخم , نمک ,روغن , روب ,کچالو ,پیاز,بادنجان سیاه , کدو , سیر , مرچ تازه به دفتر ساحوی تعمیرللندر 6",25-Feb-26,
,"$445,841 ",$319.53 ,,$63.53 ,"AFN 19,245,271","AFN 20,300","پرداخت برای مصارفات روازه  حاجی احسان به تعمیرللندر 6 از تاریخ 03 فبروری الی 25 فبروری 2026 از قبیل خریداری قیماق , خرما, پنیرک به ماه رمضان , خرید تار رجه , میخ فولادی , تداوی زخم پای عبدالبصیر کاریگر, پرداخت برای نصرت آغا قومندان ساحوی پولیس در روز کانکریت , خریداری تیل دیزل به جنراتور , خرید سمنت و پرداخت برای علی داد مکسر کار تعمیرللندر 6",25-Feb-26,
,"$445,960 ",$119.66 ,,$63.53 ,"AFN 19,252,873","AFN 7,602","پرداخت برای مصارفات روازه  حاجی احسان به تعمیرللندر 6 از تاریخ 03 فبروری الی 25 فبروری 2026 از قبیل خریداری تخم مرغ به سحری ماه رمضان , گاز مایع , تیل دیزل به جنراتور ,روغن , گندنه ,پالک , مرچ , سبزی,کپالو سیر و غیره , خرید فلتر هوا,فلتر تیل دیزل ,ساکت فلتر ,میخ ساده ,میخ فولادی و بطری به تعمیرللندر 6",25-Feb-26,
,"$446,090 ",$129.48 ,,$63.53 ,"AFN 19,261,099","AFN 8,226","پرداخت برای مصارفات روازه  حاجی احسان به تعمیرللندر 6 از تاریخ 03 فبروری الی 25 فبروری 2026 از قبیل خریداری مبلایل به جنراتور, میخ ساده , میخ فولادی ,دست پناه و متر , پایپ کرمچی , کلفت و نان خشک و قفل به تعمیرللندر6",25-Feb-26,
,"$446,109 ",$18.89 ,,$63.53 ,"AFN 19,262,299","AFN 1,200","پرداخت برای مصارفات روازه  حاجی احسان به تعمیرللندر 6 از تاریخ 03 فبروری الی 25 فبروری 2026 از قبیل خریداری تیل پطرول به موتر حاجی احسان بخاطر رفتن به شهر نو ,گاز به موتر حاجی احسان و لین و برش به تعمیرللندر 6",25-Feb-26,
,"$446,133 ",$24.56 ,,$63.53 ,"AFN 19,263,859","AFN 1,560","پرداخت برای مصارفات روازه  حاجی احسان به تعمیرللندر 6 از تاریخ 03 فبروری الی 25 فبروری 2026 از قبیل خریداری گوشت , گندنه و تیل دیزل به جنراتور تعمیرللندر 6",25-Feb-26,
,"$446,291 ",$157.41 ,,$63.53 ,"AFN 19,273,859","AFN 10,000",پرداخت معاش محمد نادر ولد صوفی مقبول کاریگر تعمیرللندر6 بابت ماه  ماه دلو 1404,26-Feb-26,240
,"$447,291 ","$1,000.00 ",,$63.20 ,"AFN 19,337,059","AFN 63,200",پرداخت برای نورالدین بابت سیم تابی تعمیرللندر6,26-Feb-26,241
,"$456,291 ","$9,000.00 ","$9,000 ",$63.20 ,"AFN 19,337,059",AFN 0,پرداخت برای شرکت کانکریت ریزی افغان پلانت بابت کانکریت ریزی پایل های تعمیرللندر6,26-Feb-26,242
,"$456,356 ",$65.66 ,,$63.20 ,"AFN 19,341,209","AFN 4,150",خریداری تیل پطرول برای موتر هایلکس بابت تعمیرللندر 6,28-Feb-26,
,"$502,588 ","$46,232.00 ","$46,232 ",$63.20 ,"AFN 19,341,209",AFN 0,پرداخت برای شرکت کانکریت ریزی توحید مسکن خریداری 271.95 تن سمنت فی تن از قرار 170$ دالر توسط حاجی قاسم و اجرا آن توسط صرافی حاجی خانی گل چک نمبر های 2362 و2364,1-Mar-26,243
,"$503,253 ",$664.56 ,,$63.20 ,"AFN 19,383,209","AFN 42,000",پرداخت مصارفات روزانه کاریگران نورالدین از تاریخ 16 دلو الی 27 دلو 1404 فی روز از قرار 3500 افغانی,4-Mar-26,244
,"$503,727 ",$474.68 ,,$63.20 ,"AFN 19,413,209","AFN 30,000",پرداخت برای ساخت لوحه تبلیغاتی تعمیرللندر 6,8-Mar-26,245
,"$503,852 ",$125.00 ,$125 ,$63.20 ,"AFN 19,413,209",AFN 0,پرداخت برای شرکت فراز آژمان بابت خریداری کاک سقفی به تعمیرللندر6,10-Mar-26,246
,"$503,859 ",$6.62 ,,$63.40 ,"AFN 19,413,629",AFN 420,خریداری سیخ ولدینگ به تعمیرللندر 6,11-Mar-26,247
,"$505,359 ","$1,500.00 ",,$63.40 ,"AFN 19,508,729","AFN 95,100",پرداخت برای نورالدین بابت سیم تابی تعمیرللندر 6,11-Mar-26,248
,"$506,028 ",$668.45 ,,$63.40 ,"AFN 19,551,109","AFN 42,380",پرداخت برای مصارفات بل تاریخ های مختلف در تعمیرللندر 6 توسط احسان الله سهاک ,11-Mar-26,249
,"$506,875 ",$847.79 ,,$63.40 ,"AFN 19,604,859","AFN 53,750",پرداخت برای شرکت سلیمان داودزی بابت خریداری کرش به تعمیرللندر 6,11-Mar-26,250
,"$506,899 ",$23.58 ,,$63.60 ,"AFN 19,606,359","AFN 1,500",پیش پرداخت برای انجنیر وحید الله ولد حبیب الله بابت ماه حوت 1404,12-Mar-26,251
,"$516,899 ","$10,000.00 ","$10,000 ",$63.60 ,"AFN 19,606,359",AFN 0,پرداخت برای شرکت کانکریت ریزی توحید مسکن بابت تعمیرلللندر6,12-Mar-26,252
,"$517,056 ",$157 ,,$63.60 ,"AFN 19,616,359","AFN 10,000",پرداخت معاش محمد نادر ولد صوفی مقبول شاه بابت ماه حوت 1404,16-Mar-26,253
,"$517,213 ",$157 ,,$63.60 ,"AFN 19,626,359","AFN 10,000",پرداخت برای معاش عبدالبصیر ولد رضا بابت ماه حوت 1404,16-Mar-26,254
,"$517,371 ",$157 ,,$63.60 ,"AFN 19,636,359","AFN 10,000",پرداخت معاش میرویس ولد عبدالبصیر بابت ماه حوت 1404,16-Mar-26,255
,"$517,528 ",$157 ,,$63.60 ,"AFN 19,646,359","AFN 10,000",پرداخت معاش علی احمد ولد جمعه خان بابت ماه حوت 1404,16-Mar-26,256
,"$517,685 ",$157 ,,$63.60 ,"AFN 19,656,359","AFN 10,000",پرداخت معاش سردارولی ولد صبرالله بابت ماه حوت 1404,16-Mar-26,257
,"$517,842 ",$157 ,,$63.60 ,"AFN 19,666,359","AFN 10,000",پرداخت معاش صبرالله ولد الله محمد بابت ماه حوت 1404,16-Mar-26,258
,"$517,978 ",$136 ,,$63.60 ,"AFN 19,674,980","AFN 8,621",پرداخت معاش عبدالمتین ولد نیک محمد بابت ماه حوت 1404,16-Mar-26,259
,"$518,160 ",$182 ,,$63.60 ,"AFN 19,686,580","AFN 11,600",خریداری 20 خریطه سمنت ایرانی به تعمیرللندر6,16-Mar-26,260
,"$518,333 ",$173 ,,$63.60 ,"AFN 19,697,580","AFN 11,000",پیش پراخت برای انجنیر وحید الله ولد حبیب الله بابت ماه حوت 1404,16-Mar-26,261
,"$518,400 ",$67 ,,$63.82 ,"AFN 19,701,830","AFN 4,250",خریداری تیل پطرول به موتر هایلکس تعمیرللندر 6,16-Mar-26,
,"$518,470 ",$71 ,,$63.70 ,"AFN 19,706,330","AFN 4,500",پرداخت برای کاکابادام گل بابت انتقال چوب و جک ها از گدام به تعمیرللندر 6,17-Mar-26,262
,"$523,664 ","$5,193 ",,$63.70 ,"AFN 20,037,130","AFN 330,800",پرداخت برای نورالدین بابت سیم تابی و قالبکاری تعمیرللندر6,17-Mar-26,263
,"$523,860 ",$196 ,,$63.70 ,"AFN 20,049,630","AFN 12,500",پرداخت معاش باقیمانده انجنیر وحید الله ولد حبیب الله بابت ماه حوت 1404,18-Mar-26,264
,"$525,360 ","$1,500 ",,$65.00 ,"AFN 20,147,130","AFN 97,500",پرداخت برای نورالدین بابت سیم تابی و قالبکاری تعمیرللندر6,31-Mar-26,265
,"$525,368 ",$9 ,,$65.00 ,"AFN 20,147,690",AFN 560,خریداری یک قطعی گریس به تعمیرللندر6,31-Mar-26,266
,"$525,511 ",$142 ,,$65.00 ,"AFN 20,156,940","AFN 9,250","پرداخت برای 2 نفر کاریگر در روز کانکریت ریزی و پرداخت برای انجنیر وحید کرایه موتریش را به تعمیر للندر 6, خریداری گاز, گوشت, مبلایل برای جنراتور, تیل دیزل و پطرول برای جنراترو و موتر, دست گش, جالی, پل سنگ برش, دبل و غیره به تعمیر للندر 6, تیل دیزل و پطرول برای جنراتور و موتر به تعمیر للندر 6 , تیل دیزل برای جنراتور به تعمیر للندر 6",31-Mar-26,267
,"$525,670 ",$159 ,,$65.00 ,"AFN 20,167,290","AFN 10,350","خریداری گوشت گوساله به تعمیر للندر 6, خریداری تیل دیزل به جنراتور, مبلایل به جنراتور, خریداری روغن, لوبیا, دال نخود, روب, پیاز, ترکاری, مایع ظرف شویی و غیره به تعمیر للندر 6, خریداری تیل دیزلو پطرول به جنراتور و موتر , گاز, جوس به مهمانان حاجی رفیع در روزکانکریت ریزی, انرژی , کیک به کاریگر ها در روز کانکریت ریزی تعمیرللندر6",31-Mar-26,268
,"$525,785 ",$115 ,,$65.00 ,"AFN 20,174,740","AFN 7,450","خریداری گاز به تعمیر للندر 6, گوشت مرغ, کارت موبایل برای انترنیت انجنیر وحید, انرژی , آب, سبزی, برای انجنیران, تیل پطرول, مبلایل برای جنراتور, گوشت مرغ, تیل دیزل برای جنراتور, تار رجه, رنگ روغنی, لور کلان , لور خورد, برس و رجه و پرداخت کرایه وتری آن به تعمیر للندر 6",31-Mar-26,269
,"$526,029 ",$244 ,,$65.00 ,"AFN 20,190,610","AFN 15,870","خریداری تیل دیزل برای جنراتور, یک دانه لور رنگ کلان, رنگ روغنی و لور, پرداخت بل برق دارای اسم مشترک  سید فاروق, عبدالرحیم , عدهن لعل  و کرایه موتری آن,  پرداخت اضافه پولی بارگیری  تخته 250 دانه و خریداری یک پلاستیک سیب به تعمیر للندر 6, پرداخت برای ذین الله بابت آوردن جنراترو خورد به تعمیر للندر 6, خریداری ساکت, پل چرخ, قلم آهنی و غیره , پرداخت برای آوردن ویبراتور از تعمیر للندر 4 به تعمیر للندر 6 و رساندن انجنیر وحید و احسان از ساحه کار الی کمپنی و چهار قلعه و پرداخت برای 2 نفر کاریگر در روز کانکریت ریزی به تعمیر للندر 6",31-Mar-26,270
,"$526,223 ",$194 ,,$65.00 ,"AFN 20,203,210","AFN 12,600","خریداری تیل دیزل به جنراتور,پرداخت برای دو نفر کلگار روزدین در روز کانکریت ریزی تعمیر للندر 6, پرداخت برای دو نفر پولیس شرینی عیدی  و خریداری بادنجان خشک بابت تعمیر للندر 6, تیل دیزل به جنراتور, خریداری خامه و مربا به تعمیر للندر 6 و خریداری سر گوساله بابت تعمیر للندر 6",31-Mar-26,271
,"$526,349 ",$127 ,,$65.00 ,"AFN 20,211,440","AFN 8,230","خریداری تیل دیزل, گاز, مبلایل, خریداری مبلایل به جنراتوری تعمیر للندر 6, کرایه رفت و آمد ار للندر 5 به للندر 6 بخاطری مبلایل تبدیلی, خریداری تیل دیزل, متر, توش, رجه, دستکش به تعمیر للندر 6",31-Mar-26,272
,"$526,525 ",$176 ,,$65.00 ,"AFN 20,222,860","AFN 11,420","خریداری تار رجه, پرداخت کرای انتقال دو کاریگر از للندر 5 به للندر 6 و کرایه موتری مازدا بابت انتقال 500 دانه جک کرایی از قصبه به للندر 6, خریداری دو عدد کوک به چاشت , بالتی و انرژی در روز کانکریت ریزی چت اول تعمیر للندر 6, خریداری  650 عدد نان فی دانه 8 افغانی بابت تعمیر للندر 6, خریداری آب ترازو, پیپ و قلم تراش به تعمیر للندر 6, خریداری انرژی و کیک به انجنیران و دوکتوران در روز کانکریت ریزی, خریداری یک عدد تخم, آب و بطری به تعمیر للندر 6",31-Mar-26,273
,"$526,779 ",$254 ,,$65.00 ,"AFN 20,239,390","AFN 16,530","خریداری دستکش, مبلایل سوخته به جنراتور, گاز, برس رنگ, تار رجه, گوشت , انرژی در روزی کانکریت ریزی و مصارف متفرقه آب, خرما و چارجر بطری به جنراتور, تیل تیزل, خریداری یک راس گوسفند برای حاجی عبدالحق به هدایت حاجی رفیع بخاطری آمدن از حج عمره و کرایه موتری آن, آب, پالک, تخم و دیگر مصارف, پرداخت کرایه دو نفر کاریگر بابت کانکریت ریزی به تعمیر للندر 4 و کرایه تکسی دو نفر کاریگر بابت کارنکریت کرایه واپسی و کرایه دو نفر کاریگر بابت آمدن ار للندر 6 به للندر 5  به تعمیر للندر 6",31-Mar-26,274
,"$526,871 ",$92 ,,$65.30 ,"AFN 20,245,390","AFN 6,000",پرداخت برای ترمیم و سیم پیچی داینمو تعمیرللندر6,1-Apr-26,275
,"$527,812 ",$941.36 ,,$64.80 ,"AFN 20,306,390","AFN 61,000",پرداخت برای مواد ساختمانی سلیمان داودزی بابت خریداری ریگ شسته و جغل به تعمیرللندر 6,2-Apr-26,276
,"$567,812 ","$40,000.00 ","$40,000 ",$64.80 ,"AFN 20,306,390",AFN 0,پرداخت برای شرکت حاجی نادر دولت زی بابت خریداری سیخ گول به تعمیرللندر6,2-Apr-26,277
,"$567,890 ",$77.16 ,,$64.80 ,"AFN 20,311,390","AFN 5,000",پیش پرداخت برای انجنیر وحید الله ولد حبیب الله بابت ماه حمل 1405,4-Apr-26,278
,"$568,090 ",$200.62 ,,$64.80 ,"AFN 20,324,390","AFN 13,000",پرداخت برای نورالدین بابت سیم تابی  و قالبکاری تعمیر للندر 6,7-Apr-26,279
,"$568,113 ",$23.08 ,,$65.00 ,"AFN 20,325,890","AFN 1,500",خریداری پطرول به موتر هایلکس بابت تعیمرللندر 6,7-Apr-26,
,"$568,913 ",$800.00 ,,$64.80 ,"AFN 20,377,730","AFN 51,840",پرداخت برای نورالدین بابت سیم تابی و قالبکاری تعمیر للندر 6,8-Apr-26,280
,"$569,222 ",$308.64 ,,$64.80 ,"AFN 20,397,730","AFN 20,000",پرداخت برای نورالدین بابت قالب کاری تعمیر للندر 6,11-Apr-26,281
,"$569,230 ",$7.72 ,,$64.80 ,"AFN 20,398,230",AFN 500,پیش پرداخت برای میرویس ولد عبدالبصیر بابت ماه حمل 1405,11-Apr-26,282
,"$569,630 ",$400.00 ,,$65.00 ,"AFN 20,424,230","AFN 26,000",پرداخت برای نورالدین بابت سیم تابی و قالبکاری تعمیر للندر 6 بدست محمد هاشم,15-Apr-26,283
,"$588,257 ","$18,627.00 ","$18,627 ",$65.00 ,"AFN 20,424,230",AFN 0,"پرداخت برای شرکت آهن آلات کوهدامن بابت خریداری سیخ گول 12 ملی به تعمیر للندر 6,   پرداخت برای شرکت آهن آلات کوهدامن بابت خریداری سیخ گول 10 ملی و 12 ملی به تعمیر للندر 6   ,  پرداخت هذا به نقد خریداری شده و پول آن توسط جاوید سکندری پرداخت گردیده",15-Apr-26,284
,"$598,777 ","$10,520.00 ","$10,520 ",$65.00 ,"AFN 20,424,230",AFN 0,پرداخت برای شرکت آهن آلات کوهدامن بابت خریداری سیخ گول 20 ملی و 25 ملی  به تعمیر للندر 6 توسط چک نمبر 2383 از صرافی خانی سرای شهزاده ,16-Apr-26,285
,"$599,207 ",$430.77 ,,$65.00 ,"AFN 20,452,230","AFN 28,000",پرداخت برای شرکت کابل پن از مجموع بل نمبر 404-1606 بابت تهیه لوحه های تبلیغاتی به تعمیرللندر6,16-Apr-26,286
,"$599,905 ",$697.85 ,,$65.00 ,"AFN 20,497,590","AFN 45,360",پرداخت برای نورالدین بابت سیم تابی و قالبکاری تعمیرللندر6,16-Apr-26,287
,"$600,290 ",$384.62 ,,$65.00 ,"AFN 20,522,590","AFN 25,000",پرداخت برای محمد طهماس بابت کرای جک های کرایی به تعداد 500 پایه از تاریخ 06 حمل 1405 الی  06 ثور 1405 فی ماه از قرار 25000 افغانی,18-Apr-26,288
,"$600,422 ",$131.68 ,,$64.55 ,"AFN 20,531,090","AFN 8,500",خریداری لباس ورزشی و پروتین توسط سمیر للندر,21-Apr-26,289
,"$600,564 ",$142.53 ,,$64.55 ,"AFN 20,540,290","AFN 9,200","خریداری تیل دیزل به جنراتور, رجه, گوشت مرغ, گاز,شکاستیب, پرداخت برای دو نفر گلکار بخاطری گانگریت ریزی, نان چاشت کاریگر ها, خریداری نخود , رب, روغن, پیاز و ترکاری به تعمیر للندر 6",21-Apr-26,290
,"$600,685 ",$120.91 ,,$64.55 ,"AFN 20,548,095","AFN 7,805","خریداری مبلایل, تیل دیزل , تار رجه, گاز, پل چرخ نازک و سیخ ویلدنک و پلک  به تعمیر للندر 6",21-Apr-26,291
,"$600,828 ",$142.76 ,,$64.55 ,"AFN 20,557,310","AFN 9,215","خریداری  یک دانه  گل ماله آهنی, یک دانه گل ماله پلاستیکی, گوشت, پیپ لیول, تیل دیزل, پیپ 3 فاز, پرداخت بل برق و پرداخت کرایه میرویس  و غیره به تعمیر للندر 6",21-Apr-26,292
,"$601,146 ",$318.67 ,,$64.55 ,"AFN 20,577,880","AFN 20,570","پرداخت برای آمر کنترول ساختمانی ناحیه بخاطری اخذ اجازه کانکریت در روز های بارانی شرنی داد و کرایه موتری وی,   خریداری تیل پطرول به ویبراتور ها, پرداخت برای کاریگران نوردین یک نفر گلکار دو نفر کاریگر در کانکریت ریزی پایه های جفت تعمیر للندر 6 , پرداخت نصب لوحه و ترمیم پروجکتور, پرداخت کرایه انجنیر وحید از للندر 6 به خانه , خریداری قوتی , پلک بابت صندوق برق تعمیر للندر 6, خریداری گوشت , پرداخت برای کاریگران نوردین یک نفر گلکار دو نفر کاریگر در روز کانکریت ریزی چت A تعمیر للندر 6, خریداری کاک سااختمانی به تعمیر للندر 6, خریداری نان و تیل دیزل به تعمیر للندر 6",21-Apr-26,293
,"$601,294 ",$147.17 ,,$64.55 ,"AFN 20,587,380","AFN 9,500",پرداخت معاش برای میرویس ولد عبدالبصیر بابت ماه حمل 1405 به تعمیر للندر 6,21-Apr-26,294
,"$601,448 ",$154.92 ,,$64.55 ,"AFN 20,597,380","AFN 10,000",پرداخت معاش برای عبدالبصیر ولد رضا  بابت ماه حمل 1405 به تعمیر للندر 6,21-Apr-26,295
,"$601,603 ",$154.92 ,,$64.55 ,"AFN 20,607,380","AFN 10,000",پرداخت معاش علی احمد ولد جما خان بابت حمل 1405 به تعمیر للندر 6,21-Apr-26,296
,"$601,681 ",$77.46 ,,$64.55 ,"AFN 20,612,380","AFN 5,000",پیش پرداخت برای وحید الله ولد حبیب الله انجنیر ساحوی تعمیر للندر 6,21-Apr-26,297
,"$601,991 ",$309.84 ,,$64.55 ,"AFN 20,632,380","AFN 20,000",پرداخت معاش وحیدالله صدیقی ولد حبیب الله بابت ماه حمل 1405 به تعمیر للندر 6,21-Apr-26,298
,"$602,146 ",$155.04 ,,$64.50 ,"AFN 20,642,380","AFN 10,000",پرداخت معاش محمد نادر ولد  صفی مقبول ساهی بابت ماه حمل 1405 به تعمیر للندر 6,22-Apr-26,299
,"$602,301 ",$155.04 ,,$64.50 ,"AFN 20,652,380","AFN 10,000",پرداخت معاش سردار ولی بابت ماه حمل 1405 به تعمیر للندر 6,22-Apr-26,300
,"$604,715 ","$2,414.00 ","$2,414 ",$64.50 ,"AFN 20,652,380",AFN 0,پرداخت و تصفیه حساب پول باقیمانده شرکت آهن فقیری بابت خریداری سیخ گول 25 میلی و 22 میلی به تعمیر للندر 6 مبلغ هذات توسط صرافی خانی گل توسط چک نمبر 2392 اجرا گریده است  ,22-Apr-26,301
,"$626,715 ","$22,000.00 ","$22,000 ",$64.50 ,"AFN 20,652,380",AFN 0,"پرداخت برای شرکت آهن فقیری بابت خریداری سیخ گول 12, 16 ,25و 22 میلی به تعمیر للندر 6 مبلغ هذات توسط صرافی خانی گل توسط چک نمبر 2389 اجرا گریده است",22-Apr-26,302
,"$626,801 ",$86.15 ,,$65.00 ,"AFN 20,657,980","AFN 5,600",پرداخت برای شرکت مواد ساختمانی شیر باز بابت خریداری ریگ شسته به تعمیر للندر 6,23-Apr-26,303
,"$627,186 ",$384.62 ,,$65.00 ,"AFN 20,682,980","AFN 25,000",پرداخت برای رسول خان کرای جک ها به تعداد 500 پایه به تعمیر للندر 6 بابت ماه ثور 1405,23-Apr-26,304
,"$627,247 ",$61.54 ,,$65.00 ,"AFN 20,686,980","AFN 4,000",پرداخت برای محمد نسیم کرن کار بابت پاین کردن 8 بندل سیخ های گول خریداری شده از شرکت فقیر استیل به تعمیر للندر 6,23-Apr-26,305
,"$631,862 ","$4,615.38 ",,$65.00 ,"AFN 20,986,980","AFN 300,000",پرداخت برای نورالدین بابت سیم تابی و قالبکاری تعمیر للندر 6,23-Apr-26,306
,"$631,998 ",$135.85 ,,$65.00 ,"AFN 20,995,810","AFN 8,830","پرداخت مصارف روزانه تعمیر للندر 6 توسط حاجی احسان از 21 آپریل الی 27 آپریل 2026 از قبیل خریداری تیل به جنراتور, کریه زرنج, سویچ, گوشت مرغ, گاز و غیره",27-Apr-26,307
,"$632,235 ",$236.31 ,,$65.00 ,"AFN 21,011,170","AFN 15,360","پرداخت مصارف روزانه تعمیر للندر 6 توسط حاجی احسان از 21 آپریل الی 27 آپریل 2026 از قبیل خریداری آب, مارکر, تیل, پل برش, فیوز و غیره",27-Apr-26,308
,"$632,592 ",$357.69 ,,$65.00 ,"AFN 21,034,420","AFN 23,250","پرداخت مصارف روزانه تعمیر للندر 6 توسط حاجی احسان از 21 آپریل الی 27 آپریل 2026 از قبیل خریداری پل, جالی, تیل دیزل, پرداخت به ترافیک, گوشت و غیره",27-Apr-26,309
,"$632,728 ",$135.23 ,,$65.00 ,"AFN 21,043,210","AFN 8,790","پرداخت مصارف روزانه تعمیر للندر 6 توسط حاجی احسان از 21 آپریل الی 27 آپریل 2026 از قبیل خریداری لور, گوشت, ویبراتور, پرداخت به گلکار و کاریگر و غیره",27-Apr-26,310
,"$632,857 ",$129.54 ,,$65.00 ,"AFN 21,051,630","AFN 8,420","پرداخت مصارف روزانه تعمیر للندر 6 توسط حاجی احسان از 21 آپریل الی 27 آپریل 2026 از قبیل خریداری مبلایل, رنگ روغنی, لور, تیل, فلتر دیزل, پرزه جنراتور و غیره",27-Apr-26,311
,"$632,900 ",$43.08 ,,$65.00 ,"AFN 21,054,430","AFN 2,800",پراخت برای مبلایل تبدیلی و فلتر مبلایل به موتر هایلکس بابت تعمیرللندر 6,29-Apr-26,
,"$633,059 ",$158.63 ,,$64.30 ,"AFN 21,064,630","AFN 10,200",خریداری سمنت ایرانی و انتقال آن از تعمیر للندر 5 به تعمیر للندر 6,28-Apr-26,312
,"$634,159 ","$1,100.00 ","$1,100 ",$64.30 ,"AFN 21,064,630",AFN 0,پرداخت برای شرکت هرات نت و بولت بابت خریداری سیم جستی 1.5 ملی به تعمیر للندر 6,30-Apr-26,313
,"$634,230 ",$71.54 ,,$64.30 ,"AFN 21,069,230","AFN 4,600",خریداری تیل پطرول به موتر هایلکس بابت تعمیرللندر 6,2-May-26,
,"$634,232 ",$1.55 ,,$64.57 ,"AFN 21,069,330",AFN 100,خریداری تیل پطرول به موتر سایکل توسط زین الله,4-May-26,314
,"$635,311 ","$1,078.97 ",,$63.95 ,"AFN 21,138,330","AFN 69,000",پرداخت برای نوالدین بابت سیم توی تعمیر للندر 6,6-May-26,315
,"$635,373 ",$62.55 ,,$63.95 ,"AFN 21,142,330","AFN 4,000",خریداری تیل پطرول به موتر هایلکس بابت تعمیرللندر 6,6-May-26,
,"$635,451 ",$77.64 ,,$64.40 ,"AFN 21,147,330","AFN 5,000",پیش پرداخت برای وحیدالله ولد حبیب الله انجینیر ساحوی تعمیر للندر 6 و ثور سال 1405,7-May-26,316
,"$635,456 ",$5.01 ,,$63.90 ,"AFN 21,147,650",AFN 320,پرداخت برای خورده فروشی خوست بابت خریداری رنج 21/23 و 22 به تعمیر للندر 6,7-May-26,317
,"$635,458 ",$1.57 ,,$63.60 ,"AFN 21,147,750",AFN 100,خریداری تیل پطرول بابت موتر سایکل برای تعمیر للندر 6,9-May-26,318
,"$636,294 ",$837 ,,$63.70 ,"AFN 21,201,050","AFN 53,300","مصارف تعمیر للندر 6 از قبیل پول کردیت انجنیر, پرداخت برای کاریگران, خریداری  گاز, پرداخت برای آوردن سیخ گول, خریداری ویبراتور, تیل دیزل  برای جنراتور, گوشت و غیره ",11-May-26,319
,"$636,491 ",$196 ,,$63.70 ,"AFN 21,213,550","AFN 12,500",پرداخت برای محمد نسیم کرن بابت  تخلیه 25 بندل سیخ گول خریداری از شرکت خریداری از شرکت خان ابسیل به تعمیر للندر 6,11-May-26,320
,"$706,491 ","$70,000 ","$70,000 ",$63.50 ,"AFN 21,213,550",AFN 0,پرداخت برای شرکت کانکریت ریزی توحید مسکن بابت تعمیر للندر 6 و اجر آن توسط چک نمبر 2421 از صرافی خانی گل ,12-May-26,321
,"$716,491 ","$10,000 ","$10,000 ",$63.60 ,"AFN 21,213,550",AFN 0,پرداخت برای شرکت زمزم استیل بابت خریداری سیخ گول به تعمیر للندر 6,14-May-26,322
,"$719,635 ","$3,145 ",,$63.60 ,"AFN 21,413,550","AFN 200,000",پرداخت برای نوالدین بابت سیم تابی و قالبکاری به تعمیر للندر 6,14-May-26,323
,"$719,698 ",$63 ,,$63.57 ,"AFN 21,417,550","AFN 4,000",خریداری تیل پطرول به موتر هایلکس بابت تعمیرللندر 6,20-May-26,
,"$719,819 ",$121.16 ,,$63.90 ,"AFN 21,425,292","AFN 7,742",پرداخت معاش عبدالبصیر ولد رضا بابت ماه ثور 1405,25-May-26,324
,"$719,845 ",$25.24 ,,$63.90 ,"AFN 21,426,905","AFN 1,613",پرداخت معاش محمد قاهر ولد محمد رحیم بابت ماه ثور 1405,25-May-26,325
,"$729,234 ","$9,389.67 ",,$63.90 ,"AFN 22,026,905","AFN 600,000",پرداخت برای نورالدین بابت سیم تابی و قالبکاری تعمیرللندر6,25-May-26,326
,"$729,391 ",$156.49 ,,$63.90 ,"AFN 22,036,905","AFN 10,000",پرداخت برای علی احمد ولد جمعه خان بابت ماه ثور 1405,25-May-26,327
,"$729,540 ",$149.06 ,,$63.90 ,"AFN 22,046,430","AFN 9,525","پرداخت برای مصارفات حاجی احسان الله از تاریخ 11 می 2026 الی 20 می 2026 از قبیل تبدیل کردن مبلایل جنراتور ,اجرت روز مزد کاریگران ,خریداری پیاز و سبزی,گاز ,تیل دیزل به جنراتور,گوشت گوسفند به تعمیرللندر6",25-May-26,328
,"$730,088 ",$548.20 ,,$63.90 ,"AFN 22,081,460","AFN 35,030","پرداخت برای مصارفات حاجی احسان الله از تاریخ 11 می 2026 الی 20 می 2026 از قبیل پل برش , کرای موتر بابت خریداری سیخ گول از خان استیل , کیبل ,پل چرخ ,سوچ چرخ ,نت و بولت و کرای تکسی ,تیل دیزل به جنراتور,مارکر تخم مرغ , آب آشامیدنی و مبلایل به تعمیرللندر6",25-May-26,329
,"$730,243 ",$155.09 ,,$63.90 ,"AFN 22,091,370","AFN 9,910","پرداخت برای مصارفات حاجی احسان الله از تاریخ 11 می 2026 الی 20 می 2026 از قبیل تیل پطرول به ویبراتور ها, پل چرخ ,تیل دیزل,تداوی عبدالبصیر,برای سرگروپ جکشن برق ,خریداری بادنجان رومی ,کرای انتقال مواد از هرات نت و بولت ,خریداری خرما و تیل دیزل به جنراتور تعمیرللندر6",25-May-26,330
,"$730,416 ",$172.93 ,,$63.90 ,"AFN 22,102,420","AFN 11,050","پرداخت برای مصارفات حاجی احسان الله از تاریخ 11 می 2026 الی 20 می 2026 از قبیل خریداری سیم جستی یک ملی, گلماله و ساکت برق به تعمیرللندر6",25-May-26,331
,"$730,510 ",$93.90 ,,$63.90 ,"AFN 22,108,420","AFN 6,000",پرداخت کرای خوازه بابت زینه برای تهکوی تعمیرللندر 6 سکشن A از تاریخ 08 جدی 1404 الی 18 حمل 1405,25-May-26,332
,"$730,745 ",$234.74 ,,$63.90 ,"AFN 22,123,420","AFN 15,000",پرداخت معاش باقیمانده وحید الله ولد حبیب الله بابت ماه ثور 1405,25-May-26,333
,"$730,901 ",$156.49 ,,$63.90 ,"AFN 22,133,420","AFN 10,000",پرداخت مصارف کرای موترماه حمل و ثور 1405 انجنیر وحید الله به تعمیرللندر6,25-May-26,334
,"$731,058 ",$156.49 ,,$63.90 ,"AFN 22,143,420","AFN 10,000",پرداخت معاش سردار ولی ولد صبرالله بابت ماه ثور 1405,25-May-26,335
,"$733,641 ","$2,583.00 ","$2,583 ",$63.90 ,"AFN 22,143,420",AFN 0,پرداخت برای شرکت فراز آژمان بابت خریداری (86.1) متر کاک سقفی به تعمیرللندر6,25-May-26,336
,"$733,820 ",$179.69 ,,$64.00 ,"AFN 22,154,920","AFN 11,500",پرداخت برای محمد نسیم بابت اجرت پائین کردن سیخ گول خریداری شده از شرکت خان استیل به تعمیرللندر6,8-Jun-26,337
,"$736,558 ","$2,738.00 ","$2,738 ",$64.00 ,"AFN 22,154,920",AFN 0,پرداخت برای شرکت فقیری استیل بابت خریداری سیخ گول 8 ملی به تعمیرللندر 6 به هدایت حاجی احسان الله سهاک ,8-Jun-26,338
,"$736,636 ",$78.13 ,,$64.00 ,"AFN 22,159,920","AFN 5,000",پیش پرداخت برای وحید الله ولد حبیب الله بابت ماه جوزا 1405,10-Jun-26,339
,"$736,715 ",$78.13 ,,$64.00 ,"AFN 22,164,920","AFN 5,000",پرداخت برای نورالدین بابت سیم تابی و قالبکاری تعمیرللندر6,10-Jun-26,340
,"$736,988 ",$273.44 ,,$64.00 ,"AFN 22,182,420","AFN 17,500",پرداخت برای رحیم داد کرن کار بابت تغیر موقعیت سنگ های استنادی و تغیر کانتینر و همچنان اجرت پاین نمودن سیخ گول خریداری شده از شرکت خان استیل به تعمیرللندر 6,11-Jun-26,341
,"$737,126 ",$138.28 ,,$64.00 ,"AFN 22,191,270","AFN 8,850",پرداخت برای دوکان خوستی بابت خریداری سیم جستی به تعمیرللندر 6 توسط احمد فرید للندر,11-Jun-26,342
,"$738,126 ","$1,000.00 ","$1,000 ",$64.00 ,"AFN 22,191,270",AFN 0,پرداخت برای شرکت فراز آژمان از مجموع بل نمبر 925 به تعمیرللندر 6,11-Jun-26,343
,"$739,681 ","$1,555.21 ",,$64.30 ,"AFN 22,291,270","AFN 100,000",پرداخت برای نورالدین بابت سیم تابی و قالبکاری های تعمیرللندر6,13-Jun-26,344
,"$739,755 ",$73.87 ,,$64.30 ,"AFN 22,296,020","AFN 4,750",پرداخت برای خیاطی خان فیشن بابت تهیه لباس برای کاریگران تعمیرللندر 6,14-Jun-26,345
,"$744,226 ","$4,471.00 ","$4,471 ",$64.30 ,"AFN 22,296,020",AFN 0,پرداخت برای شرکت فراز آژمان بابت خریداری کاک سقی به تعمیرللندر6,15-Jun-26,346
,"$744,299 ",$73.09 ,,$64.30 ,"AFN 22,300,720","AFN 4,700",خریداری تیل پطرول به موتر هایلکس,17-Jun-26,347
,"$744,814 ",$514.23 ,,$64.30 ,"AFN 22,333,785","AFN 33,065",پرداخت برای محمد طهماس بابت کرای جک های کرا گرفته شده به تعمیرللندر6,17-Jun-26,348
,"$746,309 ","$1,494.87 ",,$64.30 ,"AFN 22,429,905","AFN 96,120",پرداخت برای مصارفات روزانه حاجی احسان الله سهاک در تعمیرللندر 6 از تاریخ 11 می 2026 الی 17 می 2026,17-Jun-26,349
,"$750,309 ","$4,000.00 ","$4,000 ",$64.30 ,"AFN 22,429,905",AFN 0,پرداخت برای شرکت زمزم استیل بابت خریداری سیخ گول به تعمیرللندر6,17-Jun-26,350
,"$753,309 ","$3,000.00 ",,$64.60 ,"AFN 22,623,705","AFN 193,800",پرداخت برای نورالدین بابت سیم تابی و قالبکاری های تعمیرللندر6 ,21-Jun-26,351
,"$754,290 ",$981.70 ,,$64.60 ,"AFN 22,687,123","AFN 63,418",پرداخت برای حاجی احسان الله سهاک بابت مصارفات روزانه در تعمیرللندر6,21-Jun-26,352
,"$814,290 ","$60,000.00 ","$60,000 ",$64.60 ,"AFN 22,687,123",AFN 0,پرداخت نقدی برای شرکت کانکریت ریزی توحید مسکن بابت تعمیرللندر6,22-Jun-26,353
,"$824,290 ","$10,000.00 ","$10,000 ",$64.60 ,"AFN 22,687,123",AFN 0,پرداخت برای شرکت زمزم استیل بابت خریداری سیخ گول به تعمیرللندر6,23-Jun-26,354
,"$834,059 ","$9,769.00 ","$9,769 ",$64.60 ,"AFN 22,687,123",AFN 0,پرداخت برای شرکت فراز آژمان بابت خریداری کاک سقفی به سایز های مختلف به تعمیرللندر6,23-Jun-26,355
,"$834,369 ",$309.60 ,,$64.60 ,"AFN 22,707,123","AFN 20,000",پرداخت معاش وحید الله ولد حبیب الله بابت ماه جوزا 1405,26-Jun-26,356
,"$834,469 ",$99.88 ,,$64.60 ,"AFN 22,713,575","AFN 6,452",پرداخت معاش علی احمد ولد جمعه خان کاریگر تعمیرللندر 6 بابت ماه جوزا 1405,26-Jun-26,357
,"$834,624 ",$154.80 ,,$64.60 ,"AFN 22,723,575","AFN 10,000",پرداخت معاش سردار ولی ولد صبرالله کاریگر تعمیرللندر 6 بابت ماه جوزا 1405,26-Jun-26,358
,"$834,778 ",$154.80 ,,$64.60 ,"AFN 22,733,575","AFN 10,000",پرداخت معاش عبدالبصیر ولد رضا کاریگر تعمیرللندر 6 بابت ماه جوزا 1405,26-Jun-26,359
,"$834,933 ",$154.80 ,,$64.60 ,"AFN 22,743,575","AFN 10,000",پرداخت معاش میرویس ولد عبدالبصیر کاریگر تعمیرللندر6 بابت ماه جوزا 1405,26-Jun-26,360
,"$835,011 ",$77.40 ,,$64.60 ,"AFN 22,748,575","AFN 5,000",پرداخت کرای کرای موتر موتر انجنیر وحید الله ولد حبیب الله بابت ماه جوزا 1405 تعمیرللندر6,26-Jun-26,361
,"$835,785 ",$773.99 ,,$64.60 ,"AFN 22,798,575","AFN 50,000",پرداخت برای نورالدین بابت سیم تابی و قالبکاری های تعمیرللندر6,26-Jun-26,362
,"$835,908 ",$123.84 ,,$64.60 ,"AFN 22,806,575","AFN 8,000",پرداخت اجرت روز مزد محمد نور خوازه کار بابت تعمیرللندر6,26-Jun-26,363
,"$836,295 ",$387.00 ,,$64.60 ,"AFN 22,831,575","AFN 25,000",پرداخت برای رسول خان بابت کرای 500 پایه جک به تعمیرللندر بابت ماه جوزا 1405,26-Jun-26,364
,"$836,308 ",$12.38 ,,$64.60 ,"AFN 22,832,375",AFN 800,پرداخت برای دوکان خوستی بابت خریداری جاین بکس آب بازک به تعمیرللندر 6 توسط تاج الدین ,26-Jun-26,365
,"$836,616 ",$308.17 ,,$64.90 ,"AFN 22,852,375","AFN 20,000",پرداخت برای شرکت کابل پن بابت تهیه لوحه های تبلیغاتی تعمیرللندر6,28-Jun-26,366
,#DIV/0!,#DIV/0!,,,"AFN 22,852,375",,,,367
,#DIV/0!,#DIV/0!,,,"AFN 22,852,375",,,,368
,#DIV/0!,#DIV/0!,,,"AFN 22,852,375",,,,369
,#DIV/0!,#DIV/0!,,,"AFN 22,852,375",,,,370
,#DIV/0!,#DIV/0!,,,"AFN 22,852,375",,,,371
,#DIV/0!,#DIV/0!,,,"AFN 22,852,375",,,,372
,#DIV/0!,#DIV/0!,,,"AFN 22,852,375",,,,373
,#DIV/0!,#DIV/0!,,,"AFN 22,852,375",,,,374
,#DIV/0!,#DIV/0!,,,"AFN 22,852,375",,,,375
,#DIV/0!,#DIV/0!,,,"AFN 22,852,375",,,,376
,#DIV/0!,#DIV/0!,,,"AFN 22,852,375",,,,377
,#DIV/0!,#DIV/0!,,,"AFN 22,852,375",,,,378
,#DIV/0!,#DIV/0!,,,"AFN 22,852,375",,,,379
,#DIV/0!,#DIV/0!,,,"AFN 22,852,375",,,,380
,#DIV/0!,#DIV/0!,,,"AFN 22,852,375",,,,381
,,,,,,,,,
,,,,,,,,,
,,,,,,,,,
,,,,,,,,,
,,,,,,,,,
,,,,,,,,,
,,,,,,,,,
,,,,,,,,,
,,,,,,,,,
,,,,,,,,,
,,,,,,,,,
,,,,,,,,,
,,,,,,,,,
