,,,LALANDER 6 Building General Expenses sheet,,,,,,,,,,
,,,جدول عمومی مصارفات تعمیر للندر 6,,,,,,,,,,
ملاحظات,مجموع مصارفات به دالر,مصارف افغانی+ دالری,مصرف دالری,نرخ اسعار,,مصرف افغانی ,توضیحات,کتگوری,اسم جنس ,تاریخ,شماره ,,
Remarks,Total Expenses by USD,AFN+USD,USD,Exchange Rate,,AFN,Discretion, Category,Material Name,DATE,S/N,,
,$33 ,$32.54 ,,$69.77 ,"AFN 2,270","AFN 2,270","پرداخت مصارفات استعلام های ریاست صدور مجوز بابت تعمیرللندر 6 واقع شهر نو از قبیل کرای موتر , به حوزه دریایی,کرای موتر به ریاست برشنا,کرای موتر به جکشن 5 کلوله پشته,نان چاشت , کارت مبایل و غیره ",,,20-May-25,1,,
,$41 ,$8.64 ,,$69.45 ,"AFN 2,870",AFN 600,"پرداخت کرای تکسی به ریاست آبرسانی فاضلاب شهری , کرای موتر به شهر نو و برگشت و خریداری نوشابه و آب معدنی بابت تعمیرللندر 6",,,3-Jun-25,2,,
,$45 ,$3.60 ,,$69.45 ,"AFN 3,120",AFN 250,پرداخت کرای موتر به شهر نو و کرای تکسی با ریاست اطفائیه بخاطر نقشه تعمیرللندر 6,"AFN 45,811",,3-Jun-25,3,,
,$49 ,$4.69 ,,$70.30 ,"AFN 3,450",AFN 330,پرداخت کرای موتر به ریاست آبرسانی بخاطر اخذ تعرفه تعمیرللندر 6 و خریداری کارت مبایل به رایگان نمودن سیم کارت,,,16-Jun-25,4,,
,$52 ,$2.82 ,,$70.85 ,"AFN 3,650",AFN 200,"پرداخت کرای موتر به ریاست اطفائیه بابت نقشه للندر 6 , کرای موتر به ریاست اطفائیه بابت نقشه اصلاح شده للندر 6 و کرای موتر به دفتر انجنیر فیصل شهرنو",,,22-Jun-25,5,,
,$58 ,$6.13 ,,$70.15 ,"AFN 4,080",AFN 430,"پرداخت کرای موتر به ریاست آبرسانی بابت استعلام تعمیر للندر 6 , مصارف نان چاشت ,کمیشن بانکی تعرفه آبرسانی, و کرای تکسی به شهر نو دفتر انجنیر فیصل",,,30-Jun-25,6,,
,$60 ,$1.15 ,,$69.75 ,"AFN 4,160",AFN 80,پرداخت کرای موتر به شهر نو بخاطر فورم دستور نقشه تعمیرللندر 6,,,2-Jul-25,7,,
,$89 ,$29.76 ,,$67.20 ,"AFN 6,160","AFN 2,000",خریداری تیل پطرول به موتر لکسس بخاطر تعمیرللندر 6,,,6-Sep-25,8,,
,$119 ,$29.39 ,,$67.20 ,"AFN 8,135","AFN 1,975",خریداری غذا از رستورانت به مهمانان تعمیرللندر 6,,,6-Sep-25,9,,
,"$9,119 ","$9,000.00 "," $9,000.00 ",$67.20 ,"AFN 8,135",AFN 0,پرداخت برای رئیس صدور مجوز توسط حاجی رفیع الله بخاطر امر اعمار تعمیرللندر 6,,,6-Sep-25,10,,
,"$9,148 ",$29.32 ,,$67.20 ,"AFN 10,105","AFN 1,970",خریداری پیتزا به کارمندان ریاست صدور مجوز بابت تعمیرللندر 6,,,6-Sep-25,11,,
,"$9,149 ",$0.74 ,,$67.20 ,"AFN 10,155",AFN 50,خریداری تار رجه به تعمیرللندر 6,,,8-Sep-25,12,,
,"$14,149 ","$5,000.00 "," $5,000.00 ",$68.20 ,"AFN 10,155",AFN 0,پرداخت برای رئیس صدور مجوز بابت تعمیرللندر 6,,,9-Sep-25,13,,
,"$14,249 ",$100.00 , $100.00 ,$68.20 ,"AFN 10,155",AFN 0,پرداخت برای پسر رئیس صدور مجوز بابت تعمیرللندر 6,,,9-Sep-25,14,,
,"$14,278 ",$29.33 ,,$68.20 ,"AFN 12,155","AFN 2,000",پرداخت برای ملازمین ریاست صدور مجوز بابت تعمیرللندر 6,,,9-Sep-25,15,,
,"$14,469 ",$190.62 ,,$68.20 ,"AFN 25,155","AFN 13,000",خریداری جای نماز به مسجد ریاست صدور مجوز بابت تعمیرللندر 6,,,9-Sep-25,16,,
,"$34,469 ","$20,000.00 "," $20,000.00 ",$68.20 ,"AFN 25,155",AFN 0,پرداخت پول کمیشن حاجی عبدالحق به جاوید سکندری,,,9-Sep-25,17,,
,"$39,469 ","$5,000.00 "," $5,000.00 ",$68.20 ,"AFN 25,155",AFN 0,پرداخت برای جاوید سکندری بابت قباله تعمیرللندر 6,,,9-Sep-25,18,,
,"$89,469 ","$50,000.00 "," $50,000.00 ",$68.20 ,"AFN 25,155",AFN 0,پرداخت برای حاجی عبدالحق بابت جایداد تعمیرللندر 6,,,9-Sep-25,19,,
,"$89,819 ",$350.00 , $350.00 ,$68.20 ,"AFN 25,155",AFN 0,پرداخت برای خریداری تحفه به فامیل رئیس صدور مجوز بابت تعمیرللندر 6,,,9-Sep-25,20,,
,"$89,878 ",$59.44 ,,$67.30 ,"AFN 29,155","AFN 4,000",پیش پرداخت برای اسماعیل بابت کندن کاری پایل های تعمیرللندر 6,,,25-Sep-25,21,,
,"$89,937 ",$59.30 ,,$67.45 ,"AFN 33,155","AFN 4,000",خریداری تیل پطرول به موتر بابت تعمیرللندر 6,,,30-Sep-25,22,,
,"$89,967 ",$29.50 ,,$67.45 ,"AFN 35,145","AFN 1,990",خریداری غذا از رستورانت به مهمانان تعمیرللندر 6,,,30-Sep-25,23,,
,"$89,989 ",$22.24 ,,$67.45 ,"AFN 36,645","AFN 1,500",خریداری تیل پطرول به موتر لکسس بخاطر تعمیرللندر 6,,,1-Oct-25,24,,
,"$90,189 ",$200.00 , $200.00 ,$67.00 ,"AFN 36,645",AFN 0,پرداخت برای حاجی گل نظر بابت خریداری لباس به فامیل رئیس صدور مجوز و به مصارف حاجی گل نظر بابت تعمیرللندر 6,,,2-Oct-25,25,,
,"$90,241 ",$52.24 ,,$67.00 ,"AFN 40,145","AFN 3,500",پرداخت برای حاجی گل نظر بخاطر حوض آب بازی و مصارف متفرقه بابت تعمیرللندر 6,,,2-Oct-25,26,,
,,$67.00 ," $3,000.00 ",,,,پرداخت ریاست کنترول ساحتمانی توسط حاجی رفیع الله بابت امر اعمار تعمیر للندر 6,,,4-Oct-25,,,
,"$90,441 ",$200.00 , $200.00 ,$66.40 ,"AFN 40,145",AFN 0,پرداخت رشوه برای انجنیران کنترول ساختمانها بابت خط اندازی تعمیرللندر 6 (نوت: از مجموع پرداخت 200$ دالر مبلغ 100$ آن توسط حاجی مطیع الله پرداخت گردیده که دوباره برایش پرداخت گردیده.,,,15-Oct-25,27,,
,"$90,447 ",$5.72 ,,$66.40 ,"AFN 40,525",AFN 380,"خریداری پایپ لیول , اسپری و میخ فولادی به تعمیرللندر 6",,,15-Oct-25,28,,
,"$90,454 ",$6.78 ,,$66.40 ,"AFN 40,975",AFN 450,خریداری چکش و رجه به تعمیرللندر 6,,,15-Oct-25,29,,
,"$90,460 ",$6.02 ,,$66.40 ,"AFN 41,375",AFN 400,خریداری متر 50 متره به تعمیر للندر 6,,,15-Oct-25,30,,
,"$90,462 ",$1.96 ,,$66.40 ,"AFN 41,505",AFN 130,خریداری سمنت سفید به تعمیرللندر 6,,,15-Oct-25,31,,
,"$90,493 ",$31.02 ,,$66.40 ,"AFN 43,565","AFN 2,060","خریداری برمه چارجی ,کلگی پیچکش به تعمیر للندر6",,,18-Oct-25,32,,
,"$90,841 ",$347.59 ,,$66.40 ,"AFN 66,645","AFN 23,080","پرداخت برای مصارفات تعمیرللندر 6 از قبیل کرای تکسی ع رشوه ب رئیس صدور مجوز,تعرفه ریاست کنترول ساختمانها,کاپی نقشه ها,تعرفه خط اندازی, مصارفات متفرقه و غیره توسط حاجی احسان الله سهاک ",,,18-Oct-25,33,,
,"$90,848 ",$7.53 ,,$66.40 ,"AFN 67,145",AFN 500,پرداخت کرای تکسی بابت انتقال مواد فلز کاری به تعمیرللندر 6,,,18-Oct-25,34,,
,"$90,990 ",$141.57 ,,$66.40 ,"AFN 76,545","AFN 9,400","خریداری چرخ کلان, رول , مترو پل برش , چاقو , اسکرنج به تعمیرللندر 6",,,18-Oct-25,35,,
,"$90,991 ",$1.81 ,,$66.40 ,"AFN 76,665",AFN 120,خریداری اسپری و مارکر به خط اندازی تعمیرللندر 6,,,18-Oct-25,36,,
,"$91,534 ",$542.58 ,,$66.35 ,"AFN 112,665","AFN 36,000",خریداری یک پایه ماشین جنراتور 27hp دیزلی به تعمیرللندر 6,,,20-Oct-25,37,,
,"$91,558 ",$24.11 ,,$66.35 ,"AFN 114,265","AFN 1,600","خریداری مبلایل , کرای موتر ,جوالی بابت بالا کردن جنراتور تعمیرللندر 6",,,20-Oct-25,38,,
,"$91,563 ",$4.97 ,,$66.35 ,"AFN 114,595",AFN 330,خریداری کندکسر و دستکش به تعمیرللندر 6 ,,,21-Oct-25,39,,
,"$91,571 ",$7.84 ,,$66.35 ,"AFN 115,115",AFN 520,"خریداری آب نوشیدنی , نوار طفلون , گوتکه ,برشینگ,زانوخم و فلق به تعمیرللندر6",,,21-Oct-25,40,,
,"$91,601 ",$30.14 ,,$66.35 ,"AFN 117,115","AFN 2,000",خریداری تیل پطرول به موتر بخاطر تعمیرللندر6,,,21-Oct-25,41,,
,"$91,838 ",$236.93 ,,$66.35 ,"AFN 132,835","AFN 15,720","خریداری پایپ 1"" پی پی آر و ریسمان 14 ملی به تعمیرللندر 6",,,21-Oct-25,42,,
,"$91,846 ",$8.44 ,,$66.35 ,"AFN 133,395",AFN 560,خریداری رجه و کرای باربری به تعمیرللندر 6,,,21-Oct-25,43,,
,"$91,990 ",$143.18 ,,$66.35 ,"AFN 142,895","AFN 9,500","خریداری آب بازک 2/2 1"" به چاه آب تعمیرللندر 6",,,21-Oct-25,44,,
,"$99,531 ","$7,541.48 ",,$66.30 ,"AFN 642,895","AFN 500,000",پرداخت برای نورگل بابت اجرت ساعتوار اسکواتور و انتقال پرانه از تعمیرللندر 6,,,23-Oct-25,45,,
,"$99,539 ",$7.54 ,,$66.30 ,"AFN 643,395",AFN 500,پرداخت برای سفر برقی بابت آب بازک تعمیرللندر 6,,,23-Oct-25,46,,
,"$107,425 ","$7,886.64 ",,$66.60 ,"AFN 1,168,645","AFN 525,250",پرداخت برای خریداری 700 خریطه سمنت ایرانی به نرخ 550 افغانی و 250 خریطه سمنت ایرانی به نرخ 561 افغانی به تعیمرللندر 6,,,28-Oct-25,47,,
,"$107,575 ",$150.15 ,,$66.60 ,"AFN 1,178,645","AFN 10,000",پیش پرداخت برای غلام علی مکسر کار بابت تعمیرللندر 6,,,28-Oct-25,48,,
,"$108,326 ",$750.75 ,,$66.60 ,"AFN 1,228,645","AFN 50,000",پیش پرداخت برای انجنیر صفی الله بابت تعمیرللندر 6,,,30-Oct-25,49,,
,"$108,428 ",$101.35 ,,$66.60 ,"AFN 1,235,395","AFN 6,750",پرداخت برای نورالدین بابت کرای انتقال خرک و غیره به تعیمرللندر 6,,,30-Oct-25,50,,
,"$108,934 ",$506.01 ,,$66.60 ,"AFN 1,269,095","AFN 33,700",پرداخت پول باقیمانده و تصفیه حساب غلام علی مکسر کار بابت کانکریت ریزی 38 حلقه پایل فی دانه از قرار 1150 افغانی,,,3-Nov-25,51,,
,"$114,953 ","$6,019.56 ",,$66.45 ,"AFN 1,669,095","AFN 400,000",پرداخت قسط اول برای عظیم الله ستانکزی بابت حفاری پایل های تحکیماتی تعمیرللندر 6,,,3-Nov-25,52,,
,"$117,293 ","$2,340.11 ",,$66.45 ,"AFN 1,824,595","AFN 155,500",پرداخت شرکت مواد ساختمانی سلیمان داودزی بابت خریداری ریگ شسته و کرش به کانکریت ریزی پایل های تعمیرللندر 6,,,3-Nov-25,53,,
,"$117,702 ",$408.45 ,,$66.30 ,"AFN 1,851,675","AFN 27,080","پراخت برای مصارفات تاریخ های مختلف تعمیرللندر6 از تاریخ 21 اکتوبر 2025 الی 04 نوامبر 2025 از قبیل چای صبح , نان چاشت ,رول اصلی , گاز مایع,فیوز اتومات,تیل دیزل به جنراتور,رینگ ایرانی به دفتر ساحوی ,بیل گرد,متر 5 متره ,نوشابه,آب معدنی,گوشت مرغ,نان خشک , بوره,تار رجه,دستکش,مبلایل به جنراتور,وسایل آشپزخانه از قبیل ترموز چای ,گیلاس,کپگیر,دسترخوان,کاسه,مواد شوینده,تیل دیزل به جنراتور,رشوه به برقی ساحه بخاطر وصل نمودن برق ,ذخیره آب ,کراچی ,نل 40 , لوازم آشپزخانه ,مواد ساختمانی و یک بندل پایپ پلاستیکی به تعمیرللندر 6",,,4-Nov-25,54,,
,"$117,708 ",$6.03 ,,$66.30 ,"AFN 1,852,075",AFN 400,پرداخت اجرت مزد دو نفر مزدور کار بابت کندن کاری رینگ های تعمیرللندر 6,,,4-Nov-25,55,,
,"$117,714 ",$6.79 ,,$66.30 ,"AFN 1,852,525",AFN 450,خریداری گاز مایع به دفتر ساحوی تعمیرللندر 6,,,4-Nov-25,56,,
,"$117,853 ",$138.91 ,,$66.30 ,"AFN 1,861,735","AFN 9,210","پرداخت برای خریداری مصارفات تاریخ های مختلف تعمیرللندر 6 از تاریخ 16 اکتوبر 2025 الی 04 نوامبر 2025 از قبیل تیل جنراتور,نان خشک , نوشابه,آب معدنی,گوشت ,روغن,پیاز , کچالو,چای صبح,کرای زرنج باخاطرانتقال تخته ها,خرید سامان آلات برقی,قفل , مبلایل,پل چرخ,تیل دیزل,نان چاشت ,پرزه جات به جنراتور و غیره ",,,4-Nov-25,57,,
,"$117,925 ",$71.64 ,,$66.30 ,"AFN 1,866,485","AFN 4,750",پرداخت برای کرن کار بابت پائین کردن پایل های تعمیرللندر 6,,,4-Nov-25,58,,
,"$118,175 ",$250.08 ,,$66.30 ,"AFN 1,883,065","AFN 16,580","پرداخت برای خریداری مصارفات تاریخ های مختلف تعمیرللندر 6 از تاریخ 19 اکتوبر 2025 الی 04 نوامبر 2025 نان خشک به چای صبح,کرای موتر چوکیداربابت طی مراحل اسناد برق ,خریداری مواد خوراکه برنج,روغن ,لوبیا,نخود,مایع ظرفشویی,نمک,بوره,شامپو,صابون,پیاز ,رومی,کچالو,مرچ تازه,نان شب,لحاف ,دوشک,بالشت,اجرت کرن بخاطر کشیدن آب بازک از چاه,گوشت به دفتر ساحوی,لوبیا,رومی,کرای تکسی,سرکی بالون گاز,صافی ,نان خشک و سیخ ولدینگ به تعمیرللندر 6",,,4-Nov-25,59,,
,"$118,187 ",$12.07 ,,$66.30 ,"AFN 1,883,865",AFN 800,پرداخت برای تخلیه یک تیلر سیمنت به تعمیرللندر 6,,,4-Nov-25,60,,
,"$118,263 ",$75.41 ,,$66.30 ,"AFN 1,888,865","AFN 5,000",پرداخت برای کرن کار بابت پائین کردن پایل های تعمیرللندر 6,,,4-Nov-25,61,,
,"$118,308 ",$45.25 ,,$66.30 ,"AFN 1,891,865","AFN 3,000",پرداخت مصرف بل برق تعمیرللندر 6 همراه با کرای موتر به تعمیرللندر 6,,,4-Nov-25,62,,
,"$118,459 ",$150.83 ,,$66.30 ,"AFN 1,901,865","AFN 10,000",پرداخت برای چاه کن پایل های دستی در چاه سپتیک به تعداد 2 پایل 5 متره تعمیرللندر 6,,,4-Nov-25,63,,
,"$118,489 ",$30.17 ,,$66.30 ,"AFN 1,903,865","AFN 2,000",پرداخت برای تخلیه چاه فاضلاب تعمیرللندر 6 توسط تانکر کلان ,,,4-Nov-25,64,,
,"$118,505 ",$15.84 ,,$66.30 ,"AFN 1,904,915","AFN 1,050",پرداخت برای تیمور شاه بابت اجرت سه نفر مزدور کار بخاطر پاک کاری کی از دیوار های استنادی و خالی کردن در جای مناسب بابت تعمیرللندر 6,,,4-Nov-25,65,,
,"$118,509 ",$4.52 ,,$66.30 ,"AFN 1,905,215",AFN 300,پرداخت کرای زرنج بخاطر انتقال ماشین سوخته شده جنراتور تعمیرللندر 6,,,4-Nov-25,66,,
,"$118,577 ",$67.87 ,,$66.30 ,"AFN 1,909,715","AFN 4,500",پرداخت برای حسین کرن کار بابت انتقال دیوار های استنادی للندر 6 از داخل حویلی به پیاده رو به مقدار 11 عدد,,,4-Nov-25,67,,
,"$118,594 ",$17.35 ,,$66.30 ,"AFN 1,910,865","AFN 1,150","خریداری بیل , گلگل و دسته بیل به تعمیرللندر 6",,,4-Nov-25,68,,
,"$118,617 ",$22.62 ,,$66.30 ,"AFN 1,912,365","AFN 1,500",خریداری تیل دیزل به جنراتور تعمیرللندر 6,,,4-Nov-25,69,,
,"$118,618 ",$1.36 ,,$66.30 ,"AFN 1,912,455",AFN 90,خریداری گلماله پلاستیکی و آب معدنی به تعمیرللندر 6,,,4-Nov-25,70,,
,"$118,622 ",$3.62 ,,$66.30 ,"AFN 1,912,695",AFN 240,"خریداری کچالو , سیر,مرچ تازه ,آب نوشیدنی به تعمیرللندر 6",,,4-Nov-25,71,,
,"$119,374 ",$751.89 ,,$66.30 ,"AFN 1,962,545","AFN 49,850","خریداری یک رئس گوساله به خیرات تعمیرللندر 6 , اجرت قصابی گوساله,کرای انتقال به ساحه ,خریداری بادنجان رومی و آب نوشیدنی ",,,4-Nov-25,72,,
,"$120,174 ",$800.00 , $800.00 ,$66.40 ,"AFN 1,962,545",AFN 0,پرداخت برای سرگروپ برقی بخاطر وصل نمودن میتر های سه فاز تعمیرللندر 6,,,4-Nov-25,73,,
,"$120,189 ",$15.08 ,,$66.30 ,"AFN 1,963,545","AFN 1,000",پردخت برای نورالدین بابت انتقال پایه های فلزی از للندر 5 به للندر 6 و کرای انتقال چوب و قالب از للندر 5 به للندر 6,,,6-Nov-25,74,,
,"$120,197 ",$7.54 ,,$66.30 ,"AFN 1,964,045",AFN 500,خریداری کارت مبایل به انجنیر صفی الله,,,6-Nov-25,75,,
,"$126,197 ","$6,000.00 ",,$66.50 ,"AFN 2,363,045","AFN 399,000",پرداخت برای نورگل بابت کندن کاری تهکوی تعمیرللندر 6,,,11-Nov-25,76,,
,"$127,697 ","$1,500.00 ",,$66.50 ,"AFN 2,462,795","AFN 99,750",پرداخت دفعه دوم برای نورگل بابت کندن کاری تهکوی تعمیرللندر 6,,,11-Nov-25,77,,
,"$127,712 ",$15.11 ,,$66.20 ,"AFN 2,463,795","AFN 1,000",پیش پرداخت برای عبدالمتین بابت ماه عقرب 1404,,,16-Nov-25,78,,
,"$137,742 ","$10,030.21 ",,$66.20 ,"AFN 3,127,795","AFN 664,000",پرداخت برای نورگل بابت کندن کاری تهکوی تعمیرللندر6,,,17-Nov-25,79,,
bill not found,"$137,744 ",$2.27 ,,$66.20 ,"AFN 3,127,945",AFN 150,پرداخت برای کرای تکسی کاریگرن به تعمیرللندر 6,,,18-Nov-25,80,,
,"$137,762 ",$18.13 ,,$66.20 ,"AFN 3,129,145","AFN 1,200",پرداخت برای کرای انتقال مواد اضافی از للندر 6 به گدام کارته سه ,,,18-Nov-25,81,,
,"$137,838 ",$75.41 ,,$66.30 ,"AFN 3,134,145","AFN 5,000",پرداخت برای محمد نسیم کرن کار بابت انتقال کانتینر 20 فت از کارته سه به للندر 6,,,20-Nov-25,82,,
,"$138,204 ",$366.52 ,,$66.30 ,"AFN 3,158,445","AFN 24,300","پرداخت برای مصارفات تعمیرللندر 6 توسط حاجی احسان الله سهاک از تاریخ 04 نوامبر الی 22 نوامبر 2025 از قبیل تیل دیزل به جنراتور,نان خشک به دفتر ساحوی,گاز مایع ,مواد خوراکه از قبیل پیاز,آب معدنی,پایپ کرمچی,رشوه به سرگروپ برقی , انجنیر حامد برقی ,کرای تکسی کاریگران,روغن مایع,متر 50 متره,مواد خوراکه بامیه,شلغم,مرچ تازه , گوشت مرغ و گاز مایع به دفتر ساحوی تعمیرللندر 6",,,22-Nov-25,83,,
,"$138,470 ",$266.32 ,,$66.30 ,"AFN 3,176,102","AFN 17,657","پرداخت برای مصارفات تعمیرللندر 6 توسط حاجی احسان الله سهاک از تاریخ 04 نوامبر الی 22 نوامبر 2025 از قبیل جالی سبز به دروازه عمومی,فوتوکاپی 4 جلد نقشه ها همراه با پوش,مواد خوراکه ,تیل دیزل به جنراتور,فیوز اتومات سه فاز و پلک و ساکت 16 امپیر,لابرتیپ , بامیه , آب نوشیدنی,گاز مایع , نان خشک , گچ به خط اندازی,پل چرخ,شاول,دبل پیچ,نوک برمه,پل برمه 8 ملی,کرای جایداد شمسی تاور بخاطر کاریگران للندر 6  و خریداری رنگ اسپری به تعمیرللندر 6",,,22-Nov-25,84,,
,"$138,612 ",$141.33 ,,$66.30 ,"AFN 3,185,472","AFN 9,370","پرداخت برای مصارفات تعمیرللندر 6 توسط حاجی احسان الله سهاک از تاریخ 04 نوامبر الی 22 نوامبر 2025 از قبیل رنگ فولادی و رنگ اسپری , مواد خوراکه سیر, رومی ,پیاز, کچالو, تخم مرغ ,آب معدنی,روغن مایع,مایع ظرفشویی,تار رجه,متر 50 متره,گوشت مرغ,سامی,شیردهن همرا با اجرت نصب,شیشه پاکن,انرژی به اسکواتورکاران , پرداخت برای انجنیران ناحیه 4 , کنترول ساختمانها و حوزه پولیس و نوشابه به انجینران ناحیه بابت تعمیرللندر 6",,,22-Nov-25,85,,
,"$148,612 ","$10,000.00 ",,$66.40 ,"AFN 3,849,472","AFN 664,000",پرداخت برای نورگل بابت کندن کاری تهکوی تعمیرللندر 6,,,23-Nov-25,86,,
,"$148,709 ",$97.03 ,,$66.30 ,"AFN 3,855,905","AFN 6,433",پرداخت اجرت ساعتوار اسکواتور در تعمیرللندر 6 بابت امورات پاک کاری ساحه بخاطر پایل های تحکیماتی ,,,24-Nov-25,87,,
,"$148,759 ",$50.00 , $50.00 ,$66.30 ,"AFN 3,855,905",AFN 0,"خریداری پایپ کرمچی 6"" به کانکریت ریزی پایل های اساسی تعمیرللندر 6",,,24-Nov-25,88,,
,"$148,774 ",$15.02 ,,$66.60 ,"AFN 3,856,905","AFN 1,000",پرداخت معاش عبدالمتین ولد نیک محمد بابت سه روزه ماه میزان 1404 در تعمیرللندر6,,,25-Nov-25,89,,
,"$148,924 ",$150.15 ,,$66.60 ,"AFN 3,866,905","AFN 10,000",پرداخت معاش عبدالمتین ولد نیک محمد بابت ماه عقرب 1404 بابت تعمیرللندر 6,,,25-Nov-25,90,,
,"$148,954 ",$30.03 ,,$66.60 ,"AFN 3,868,905","AFN 2,000",پرداخت معاش محمد نادر ولد صوفی مقبول شاه بابت شش روزه ماه میزان 1404 در تعمیرللندر6,,,25-Nov-25,91,,
,"$149,104 ",$150.15 ,,$66.60 ,"AFN 3,878,905","AFN 10,000",پرداخت معاش عحمد نادر ولد صوفی مقبول شاه بابت ماه عقرب 1404 بابت تعمیرللندر 6,,,25-Nov-25,92,,
,"$149,119 ",$15.02 ,,$66.60 ,"AFN 3,879,905","AFN 1,000",پرداخت معاش عبدالبصیر ولد رضا بابت سه روزه ماه میزان 1404 در تعمیرللندر6,,,25-Nov-25,93,,
,"$149,269 ",$150.15 ,,$66.60 ,"AFN 3,889,905","AFN 10,000",پرداخت معاش عبدالبصیر ولد رضا بابت ماه عقرب 1404 بابت تعمیرللندر 6,,,25-Nov-25,94,,
,"$149,645 ",$375.38 ,,$66.60 ,"AFN 3,914,905","AFN 25,000",پیش پرداخت برای انجنیر صفی الله بابت ماه عقرب 1404تعمیرللندر 6,,,25-Nov-25,95,,
,"$149,981 ",$336.29 , $336.29 ,$66.40 ,"AFN 3,914,905",AFN 0,خریداری عطر توسط حاجی رفیع الله به رئیس صدور مجوز بابت تعمیرللندر6,,,26-Nov-25,96,,
,"$150,604 ",$622.56 ,,$66.50 ,"AFN 3,956,305","AFN 41,400",پرداخت برای محمد نسیم کرن کار بابت تعمیر پائین نمودن پایل های تعمیرللندر 6,,,27-Nov-25,97,,
,,$7.53 ,,$66.40 ,,AFN 500,پیش پرداخت برای زین الله توسط حاجی احسان بابت ماه عقرب 1404,,,27-Nov-25,,,
,"$155,604 ","$5,000.00 ",,$66.50 ,"AFN 4,288,805","AFN 332,500",پرداخت برای نورگل بابت کندن کاری تعمیرللندر 6 معادل 5000$,,,27-Nov-25,98,,
,"$155,792 ",$187.97 ,,$66.50 ,"AFN 4,301,305","AFN 12,500",پرداخت معاش عبدالبصیرولد محمد وکیل چوکیدار تعمیرللندر 6 ماه عقرب 1404,,,27-Nov-25,99,,
,"$157,596 ","$1,804.51 ",,$66.50 ,"AFN 4,421,305","AFN 120,000",پرداخت برای نورالدین بابت سیم تابی پایل های تعمیرللندر 6,,,27-Nov-25,100,,
,"$177,596 ","$20,000.00 ",,$66.40 ,"AFN 5,749,305","AFN 1,328,000",پرداخت برای حاجی عبدالکریم بابت خریداری سمنت به کانکریت ریزی پایل های اساسی تعمیرللندر 6,,,29-Nov-25,101,,
,"$177,643 ",$46.69 ,,$66.40 ,"AFN 5,752,405","AFN 3,100",خریداری پایپ کرمچی به کانکریت ریزی پایل های اساسی تعمیرللندر 6 ,,,30-Nov-25,102,,
,"$177,682 ",$39.16 ,,$66.40 ,"AFN 5,755,005","AFN 2,600",خریداری تیل پطرول به موتر کرولا نقره ایی استفاده به للندر 6,,,30-Nov-25,103,,
,"$178,134 ",$451.81 ,,$66.40 ,"AFN 5,785,005","AFN 30,000",پرداخت برای علی داد مکسر کار بابت کانکریت ریزی پایل های اساسی تعمیرللندر 6,,,30-Nov-25,104,,
,"$197,954 ","$19,820.10 ",,$66.37 ,"AFN 7,100,465","AFN 1,315,460",پرداخت برای حاجی عبدالکریم بابت خریداری سمنت به کانکریت ریزی پایل های تعمیرللندر 6,,,1-Dec-25,105,,
,"$197,958 ",$4.07 ,,$66.40 ,"AFN 7,100,735",AFN 270,خریداری کندکسر به آب بازک تعمیرللندر 6,,,1-Dec-25,106,,
,"$198,349 ",$391.57 ,,$66.40 ,"AFN 7,126,735","AFN 26,000",خریداری لین 3/4 به تعمیرللندر 6,,,1-Dec-25,107,,
,"$198,405 ",$55.72 ,,$66.40 ,"AFN 7,130,435","AFN 3,700",خریداری پایپ لابری به تعمیرللندر 6,,,1-Dec-25,108,,
,"$198,551 ",$146.23 ,,$66.40 ,"AFN 7,140,145","AFN 9,710","خریداری پایپ , زانو خم و برشینگ به تعمیرللندر 6",,,1-Dec-25,109,,
,"$198,556 ",$4.52 ,,$66.40 ,"AFN 7,140,445",AFN 300,خریداری کوتگه سامی به تعمیرللندر 6,,,1-Dec-25,110,,
,"$208,556 ","$10,000.00 "," $10,000.00 ",$66.40 ,"AFN 7,140,445",AFN 0,پرداخت برای جاوید سکندری بابت سیخ گول تعمیرللندر 6,,,2-Dec-25,111,,
,"$208,794 ",$238.35 ,,$66.12 ,"AFN 7,156,205","AFN 15,760","پرداخت برای مصارفات حاجی احسان الله از تاریخ 25 نوامبر الی 03 دسمبر 2025 از قبیل تیل دیزل به جنراتور,لحاف یک نفره ,بوره , نمک,سیمک, آب معدنی,گچ,لوبیا,نخود,بوره,چای سبز,روغن ,کچالو,اندل به جنراتور,تخم مرغ,تیل پطول به موتر,گاز مایع ,جین لین,اسپیری ,پنچری تایر کراچی و اجرت پائین کردن سمنت توسط مزدورکاران تعمیرللندر 6","AFN 45,994",پرداخت برای مصارفات حاجی احسان الله از تاریخ 25 نوامبر الی 02 دسمبر 2025,3-Dec-25,112,,
,"$209,142 ",$348.15 ,,$66.12 ,"AFN 7,179,225","AFN 23,020","پرداخت برای مصارفات حاجی احسان الله از تاریخ 25 نوامبر الی 03 دسمبر 2025 از قبیل کرای رفت و آمد انجنیر وحید به للندر 4, کرای تکسی انجنیر محبوب الله و کرای موتر کارمندان به تعمیرللندر 6 ,پرداخت برای برقی ساحه بابت فیوز سوخته گی ,کرای تکسی سیخ از سرای مطیع الله,نان خشک , برشینگ ,تبدیل , تفلون, برق دستی ,آب نوشیدنی,جاین کلفت , دستکش ,مصاله دیگ , کتر , مبلایل تبدیلی جنراتور, و کری موتر و اجرت سه نفر مزدور کاران بابت پیش کردن سمنت به تعمیرللندر 6",,,3-Dec-25,113,,
,"$214,392 ","$5,249.77 ",,$66.00 ,"AFN 7,525,710","AFN 346,485",پرداخت برای  حاجی عبدالکریم خریداری سیمنت ایرانی به کانکریت ریزی پایل های تعمیرللندر 6,"AFN 45,995",پرداخت برای  حاجی عبدالکریم خریداری سیمنت ایرانی به کانکریت ریزی پایل های تعمیرللندر 6,4-Dec-25,114,,
,"$214,771 ",$378.79 ,,$66.00 ,"AFN 7,550,710","AFN 25,000",پرداخت برای علی داد مکسر کار بدست زمان برادرش بابت کانکریت ریزی پایل های تعمیرللندر 6,"AFN 45,995",پرداخت برای علی داد مکسر کار بدست زمان برادرش بابت کانکریت ریزی پایل های تعمیرللندر 6,4-Dec-25,115,,
,"$219,008 ","$4,236.74 ",,$66.00 ,"AFN 7,830,335","AFN 279,625",پرداخت برای شرکت سلیمان داودزی بابت خریداری ریگ و کرش به پایل های تعمیرللندر 6,"AFN 45,995",پرداخت برای شرکت سلیمان داودزی بابت خریداری ریگ و کرش به پایل های تعمیرللندر 6,4-Dec-25,116,,
,"$224,008 ","$5,000.00 ",,$66.00 ,"AFN 8,160,335","AFN 330,000",پرداخت برای نور گل بابت کندن کاری تهکوی تعمیرللندر 6,"AFN 45,995",پرداخت برای نور گل بابت کندن کاری تهکوی تعمیرللندر 6,4-Dec-25,117,,
,"$224,258 ",$250.00 ,,$66.00 ,"AFN 8,176,835","AFN 16,500",پرداخت برای نورالدین بابت سیم تابی پایل های تعمیرللندر 6,"AFN 45,995",پرداخت برای نورالدین بابت سیم تابی پایل های تعمیرللندر 6,4-Dec-25,118,,
,"$224,387 ",$129.00 , $129.00 ,$66.00 ,"AFN 8,176,835",AFN 0,خریداری تحفه توسط حاجی رفیع الله بابت تعمیرللندر 6,"AFN 45,995",خریداری تحفه توسط حاجی رفیع الله بابت تعمیرللندر 6,4-Dec-25,119,,
,"$234,922 ","$10,535.76 ",,$66.00 ,"AFN 8,872,195","AFN 695,360",پرداخت برای حاجی عبدالکریم بابت خریداری سمنت به تعمیرللندر 6,,,7-Dec-25,120,,
,"$235,453 ",$530.30 ,,$66.00 ,"AFN 8,907,195","AFN 35,000",پرداخت برای نورالدین بابت سیم تابی پایل های تعمیرللندر 6,,,7-Dec-25,121,,
,"$235,866 ",$413.30 ,,$66.15 ,"AFN 8,934,535","AFN 27,340","پرداخت برای مصارفات بل های حاجی احسان الله سهاک از تاریخ 03 دسمبر 2025 الی 10 دسمبر 2025 تعمیرلندر6 از قبیل گوشت مرغ ,پیاز ,سبزی,آب نوشیدنی ,تاسک وال ماشین,تیل دیزل,بیلر بخاطر کانکریت,کرای زرنج,کرای رفت و آمد از ساحه للندر 6 به دفتر کارته چهار,گاز مایع,پل چرخ,جور کردن فیوز سوخته گی صندوق برق,تیل دیزل به جنراتور,اجرت مزدور کاران بخاطر پیش نمودن سمنت ,کراچی از نل 40 ,مواد خوراکه, اجرت 4 نفر  تیل دیزل به جنراتور و لابرتیب به تعمیرللندر 6",,,10-Dec-25,122,,
,"$235,874 ",$7.56 ,,$66.15 ,"AFN 8,935,035",AFN 500,پرداخت برای مصارفات بل های حاجی احسان الله سهاک از تاریخ 03 دسمبر 2025 الی 10 دسمبر 2025 تعمیرلندر6 پیش پرداخت برای عبدالمتین بابت ماه قوس 1404,,,10-Dec-25,123,,
,"$235,881 ",$7.56 ,,$66.15 ,"AFN 8,935,535",AFN 500,پرداخت برای مصارفات بل های حاجی احسان الله سهاک از تاریخ 03 دسمبر 2025 الی 10 دسمبر 2025 تعمیرلندر6 پش پرداخت برای میرویس ولد عبدالبصیر بابت ماه قوس 1404,,,10-Dec-25,124,,
,"$235,937 ",$56.08 ,,$66.15 ,"AFN 8,939,245","AFN 3,710",پرداخت برای مصارفات بل های حاجی احسان الله سهاک از تاریخ 03 دسمبر 2025 الی 10 دسمبر 2025 تعمیرلندر6 رداخت برای مزدورکاران نورالدین بابت پائین نمودن سمنت و هموار کاری ساحه جاینت B و خریداری آب نوشیدنی به تعمیرللندر 6,,,10-Dec-25,125,,
,"$236,074 ",$136.96 ,,$66.15 ,"AFN 8,948,305","AFN 9,060"," پرداخت برای مصارفات بل های حاجی احسان الله سهاک از تاریخ 03 دسمبر 2025 الی 10 دسمبر 2025 تعمیرلندر6 از قبیل گوشت تیل دیزل , گاز مایع , پیچ کش برقی ,خرپیچ , سیمک دیگ ,آب نوشیدنی,اجرت 4 نفر مزدورکاران,بابت پیش کردن سمنت,تیل دیزل به جنراتور و خریداری پائیپ کرمچی به تعمیرللندر 6",,,10-Dec-25,126,,
,"$256,137 ","$20,062.59 ",,$66.15 ,"AFN 10,275,445","AFN 1,327,140",پرداخت برای حاجی عبدالکریم بابت خریداری سمنت ایرانی به کانکریت ریزی پایل های تعمیرللندر6,,,10-Dec-25,127,,
,"$262,324 ","$6,186.70 ",,$66.15 ,"AFN 10,684,695","AFN 409,250",پرداخت برای شرکت سلیمان داودزی توسط مشعل بابت خریداری ریگ و جغل به تعمیرللندر 6,,,10-Dec-25,128,,
,"$262,777 ",$453.51 ,,$66.15 ,"AFN 10,714,695","AFN 30,000",پرداخت برای علی داد مکسر کار بابت کانکریت ریزی پایل های اساسی تعمیرللندر6,,,10-Dec-25,129,,
,"$267,781 ","$5,003.78 ",,$66.15 ,"AFN 11,045,695","AFN 331,000",پرداخت برای نور گل بابت کندن کاری تعمیرللندر6 بدست مشعل به گفته نور گل توسط زنگ مبایل,,,10-Dec-25,130,,
,"$269,293 ","$1,511.72 ",,$66.15 ,"AFN 11,145,695","AFN 100,000",پرداخت برای نورالدین بابت سیم تابی پایل های تعمیرللندر6,,,10-Dec-25,131,,
,"$269,595 ",$302.34 ,,$66.15 ,"AFN 11,165,695","AFN 20,000",پرداخت برای محمد نسیم کرن کار بابت پائین نمودن پایل های تعمیرللندر6,,,10-Dec-25,132,,
,"$284,595 ","$15,000.00 ",,$66.15 ,"AFN 12,157,945","AFN 992,250",پرداخت برای عظیم الله جهادیار بابت حفاری پایل های اساسی تعمیرللندر6,,,11-Dec-25,133,,
,,$2.27 ,,$66.00 ,,AFN 150,پرداخت کرایه تکسی کاریگر های للندر 6,,,11-Dec-25,,,
,"$284,610 ",$15.12 ,,$66.15 ,"AFN 12,158,945","AFN 1,000",پرداخت برای انجنیر وحید الله صدیقی بخاطر انترنت و کارت مبایل  بابت تعمیرللندر6,,,11-Dec-25,134,,
,"$285,046 ",$435.70 ,,$66.10 ,"AFN 12,187,745","AFN 28,800",خریداری مواد ضد نم به کانکریت ریزی شفته بالای سنگ بولدر تعمیرللندر 6,,,14-Dec-25,135,,
bill not found,"$285,047 ",$1.36 ,,$66.10 ,"AFN 12,187,835",AFN 90,خریداری رجه به تعمیرللندر 6,,,14-Dec-25,136,,
,"$295,563 ","$10,515.89 ",,$66.10 ,"AFN 12,882,935","AFN 695,100",پرداخت برای حاجی عبدالکریم بابت خریداری سمنت به تعمیرللندر6,,,14-Dec-25,137,,
,"$295,586 ",$22.69 ,,$66.10 ,"AFN 12,884,435","AFN 1,500",پرداخت برای گلکار بابت شفته کاری تعمیرللندر6,,,14-Dec-25,138,,
,"$295,786 ",$200.00 , $200.00 ,$66.10 ,"AFN 12,884,435",AFN 0,پرداخت برای انجنیر عبدالقدیر نبوی بابت تضمین جواز و انجنیر بابت امر تعمیرللندر 6,,,14-Dec-25,139,,
bill not found,"$295,964 ",$178.52 ,,$66.10 ,"AFN 12,896,235","AFN 11,800",خریداری و تهیه لباس برای  کارمندان ریاست کنترول ساختمانها بابت تعمیرللندر 6,,,14-Dec-25,140,,
,"$296,070 ",$105.90 ,,$66.10 ,"AFN 12,903,235","AFN 7,000",خریداری اسپیسر به تعمیرللندر 6,,,15-Dec-25,141,,
,"$297,070 ","$1,000.00 ",,$66.20 ,"AFN 12,969,435","AFN 66,200",پرداخت برای علی داد مکسر کار بابت کانکریت ریزی پایل های اساسی تعمیرللندر6,,,17-Dec-25,142,,
,"$297,336 ",$265.46 ,,$66.30 ,"AFN 12,987,035","AFN 17,600",پرداخت برای خریداری مواد ضد نم به تعمیرللندر 6,,,18-Dec-25,143,,
,"$302,615 ","$5,279.03 ",,$66.30 ,"AFN 13,337,035","AFN 350,000",پرداخت برای حاجی عبدالکریم بابت خریداری سمنت ایرانی به تعمیرللندر 6,,,18-Dec-25,144,,
,"$304,115 ","$1,500.00 ",,$66.30 ,"AFN 13,436,485","AFN 99,450",پرداخت برای نورالدین بابت سیم تابی تعمیرللندر 6,,,18-Dec-25,145,,
,"$306,007 ","$1,892.91 ",,$66.30 ,"AFN 13,561,985","AFN 125,500",پرداخت برای شرکت ساختمانی سلیمان داودزی بابت خریداری ریگ شسته و جغل بادامی به تعمیرللندر 6,,,18-Dec-25,146,,
,"$306,170 ",$162.90 ,,$66.30 ,"AFN 13,572,785","AFN 10,800",پرداخت برای نسیم کرن کار بابت پائین کردن پایل های تعمیرللندر 6,,,18-Dec-25,147,,
,"$306,670 ",$500.00 ,,$66.20 ,"AFN 13,605,885","AFN 33,100",پرداخت برای نورالدین بابت سیم تابی تعمیرللندر6 معادل به افغانی 33100,,,20-Dec-25,148,,
,"$333,176 ","$26,506.03 ",,$66.30 ,"AFN 15,363,235","AFN 1,757,350",پرداخت و تصفیه حساب عظیم الله بابت حفاری پایل های اساسی تعمیرللندر 6,,,21-Dec-25,149,,
,"$333,969 ",$792.23 ,,$66.30 ,"AFN 15,415,760","AFN 52,525",پرداخت و تصفیه حساب باقیمانده عظیم الله بابت حفاری پایل های تحکیماتی تعمیرللندر 6,,,21-Dec-25,150,,
money is different,"$334,716 ",$747.28 ,,$66.20 ,"AFN 15,465,230","AFN 49,470",پرداخت برای حاجی احسان الله سهاک بابت مصارفات تاریخ های مختلف به تعمیرللندر6,,,24-Dec-25,151,,
,"$336,287 ","$1,571.00 ",,$66.20 ,"AFN 15,569,230","AFN 104,000","پرداخت برای شرکت مواد ساختمانی سلیمان داودزی بابت خریداری ریگ شسته , جغل بادامی به تعمیرللندر 6",,,24-Dec-25,152,,
,"$336,740 ",$453.17 ,,$66.20 ,"AFN 15,599,230","AFN 30,000",پرداخت برای علی داد مکسر کار بابت کانکریت ریزی پایل های اساسی تعمیرللندر6,,,24-Dec-25,153,,
,"$336,891 ",$151.06 ,,$66.20 ,"AFN 15,609,230","AFN 10,000",پیش پرداخت برای انجنیر وحید الله ولد حبیب الله بابت ماه قوس 1404 للندر 6,,,24-Dec-25,154,,
bill not found,"$336,959 ",$67.98 ,,$66.20 ,"AFN 15,613,730","AFN 4,500",پرداخت برای محمد حسن بابت اجرت 4.5 روزه ایزوگام کاری تشناب های تعمیرللندر5,,,24-Dec-25,155,,
,"$337,179 ",$220.21 ,,$66.30 ,"AFN 15,628,330","AFN 14,600",پرداخت و تصفیه حساب محمد نسیم کرن کار بابت پائین کردن پایل های تعمیرللندر6 بدست رحمت الله ,,,25-Dec-25,156,,
,"$337,857 ",$677.95 ,,$66.20 ,"AFN 15,673,210","AFN 44,880",پرداخت شرکت هرات الکتریک بابت خریداری کیبل مغان به تعمیرللندر 6,,,29-Dec-25,157,,
bill not found,"$337,865 ",$7.58 ,,$66.00 ,"AFN 15,673,710",AFN 500,پرداخت کرای تکسی رفت و آمد کاریگران  به تعمیرللندر6,,,30-Dec-25,158,,
,"$338,016 ",$151.52 ,,$66.00 ,"AFN 15,683,710","AFN 10,000",پرداخت معاش محمد نادر ولد صوفی مقبول شاه بابت ماه قوس 1404,,,31-Dec-25,159,,
,"$338,206 ",$189.39 ,,$66.00 ,"AFN 15,696,210","AFN 12,500",پرداخت معاش محمد بصیر ولد محمد وکیل چوکیدار تعمیرللندر 6 بابت ماه قوس 1404,,,31-Dec-25,160,,
,"$338,284 ",$78.29 ,,$66.00 ,"AFN 15,701,377","AFN 5,167",پرداخت معاش باقیمانده میرویس ولد عبدالبصیر کاریگر للندر 6 بابت ماه قوس 1404,,,31-Dec-25,161,,
,"$338,428 ",$143.94 ,,$66.00 ,"AFN 15,710,877","AFN 9,500",پرداخت معاش باقیمانده عبدالمتین ولد نیک محمد کاریگر للندر 6 بابت ماه قوس 1404,,,31-Dec-25,162,,
,"$338,580 ",$151.52 ,,$66.00 ,"AFN 15,720,877","AFN 10,000",پرداخت معاش باقیمانده عبدالبصیر ولد رضا کاریگر للندر 6 بابت ماه قوس 1404,,,31-Dec-25,163,,
,"$338,589 ",$9.85 ,,$66.00 ,"AFN 15,721,527",AFN 650,"پرداخت برای مصارف نان چاشت حاجی عاشق الله , فرید و نورالدین قالبکار بابت خریدرای مواد قالبکاری به تعمیرللندر6",,,31-Dec-25,164,,
,"$338,817 ",$227.27 ,,$66.00 ,"AFN 15,736,527","AFN 15,000",پرداخت معاش باقیمانده انجنیر وحید الله ولد حبیب الله بابت ماه قوس 1404,,,31-Dec-25,165,,
,"$338,892 ",$75.76 ,,$66.00 ,"AFN 15,741,527","AFN 5,000",پیش پرداخت برای انجنیر وحید الله ولد حبیب الله بابت ماه جدی 1404,,,31-Dec-25,166,,
,"$339,592 ",$700.00 ,,$66.00 ,"AFN 15,787,727","AFN 46,200",پرداخت برای نورالدین بابت سیم تابی تعمیرللندر6,,,31-Dec-25,167,,
,"$340,592 ","$1,000.00 ",,$66.00 ,,"AFN 66,000",پرداخت برای نورالدین بابت سیم تابی تعمیر للندر 6,,,3-Jan-26,,,
,"$340,638 ",$46.06 ,,$66.00 ,,"AFN 3,040","خریداری کیک برای مهمان ها, آب نوشیدنی, کرایی کراچی, لابرتیب میخ فولادی, لابرتیب و پرداخت برای ترافیک بخاطر تخلیه سیخ 5 متر, برقی بابت جور کردن ماشین نوردین و خریدری تیل دیزل بابت للندر 6 ",,,7-Jan-26,168,,
,"$340,660 ",$21.52 ,,$66.00 ,,"AFN 1,420","خریداری تیل دیزل, میخ ساده و میخ فولادی به للندر 6",,,7-Jan-26,169,,
,"$340,678 ",$18.18 ,,$66.00 ,,"AFN 1,200","خریداری رب, روغن و گاز به للندر 6",,,7-Jan-26,170,,
,"$340,700 ",$22.12 ,,$66.00 ,,"AFN 1,460","خریداری نیم سیر کچال و پیاز, پیاز و کچالو, زردک , آب و گوشت به للندر 6",,,7-Jan-26,171,,
,"$340,709 ",$8.64 ,,$66.00 ,AFN 570,AFN 570,خریداری ذال چرخ و مبلایل به للندر 6,,,7-Jan-26,172,,
,"$340,738 ",$29.39 ,,$66.00 ,"AFN 2,510","AFN 1,940","خریداری پل برش, دست کش و تیل دیزل به للندر 6",,,7-Jan-26,173,,
,"$340,764 ",$25.45 ,,$66.00 ,"AFN 4,190","AFN 1,680","خریداری تیل دیزل, آب نوشیدنی و انرژی و پرداخت کرایه بصیر و فواد بخاطر رفتن به ریاست شهر داری بابت للندر 6",,,7-Jan-26,174,,
,"$340,774 ",$10.30 ,,$66.00 ,"AFN 4,870",AFN 680,"خریداری پل برش, دست کش وشش رخی به للندر 6",,,7-Jan-26,175,,
,"$340,798 ",$24.24 ,,$66.00 ,"AFN 6,470","AFN 1,600",خریداری رول یک متری و کرایه آن به للندر 6,,,7-Jan-26,176,,
,"$340,804 ",$5.45 ,,$66.00 ,"AFN 6,830",AFN 360,"خریداری کیک پزی, آب نوشیدنی آن به للندر 6",,,7-Jan-26,177,,
,"$340,806 ",$2.42 ,,$66.00 ,"AFN 6,990",AFN 160,خریداری رجه به للندر 6,,,7-Jan-26,178,,
,"$340,809 ",$2.73 ,,$66.00 ,"AFN 7,170",AFN 180,خریداری تیوب و آب نوشیدنی  به للندر 6,,,7-Jan-26,179,,
,"$340,828 ",$18.79 ,,$66.00 ,"AFN 8,410","AFN 1,240",خریداری تیل دیزل به للندر 6,,,7-Jan-26,180,,
,"$340,846 ",$18.79 ,,$66.00 ,"AFN 9,650","AFN 1,240",خریداری تیل دیزل به للندر 6,,,7-Jan-26,181,,
,"$340,851 ",$5.00 ,,$66.00 ,"AFN 9,980",AFN 330,خریداری دسته بیل و لابرتیب به للندر 6,,,7-Jan-26,182,,
,"$340,997 ",$145.45 ,,$66.00 ,"AFN 19,580","AFN 9,600",خریداری Aquomed admine به للندر 6,,,7-Jan-26,183,,
,"$341,015 ",$18.48 ,,$66.00 ,"AFN 20,800","AFN 1,220",خریداری تیل دیزل به للندر 6,,,7-Jan-26,184,,
,"$341,018 ",$2.12 ,,$66.00 ,"AFN 20,940",AFN 140,خریداری رب کلان به للندر 6,,,7-Jan-26,185,,
,"$341,052 ",$34.85 ,,$66.00 ,"AFN 23,240","AFN 2,300",پرداخت برای مزد دو نفر گلکار و دو نفر مزدور کار و مزد برقی بابت جور کردن پلک و کانکریت ریزی تعمیر للندر 6,,,7-Jan-26,186,,
,"$341,105 ",$52.73 ,,$66.00 ,"AFN 26,720","AFN 3,480","خریداری بوره, چای, لوبیا, نخود, روغن, رب و مایح ظرف شویی به للندر 6",,,7-Jan-26,187,,
,"$341,113 ",$7.58 ,,$66.00 ,"AFN 27,220",AFN 500,خریداری گاز به للندر 6,,,7-Jan-26,188,,
,"$341,177 ",$64.39 ,,$66.00 ,"AFN 31,470","AFN 4,250",خریداری نان خشک به تعداد 524 به للندر 6,,,7-Jan-26,189,,
,"$341,204 ",$27.27 ,,$66.00 ,"AFN 33,270","AFN 1,800",پرداخت برای 6 نفر مزدور کار بابت تعمیر للندر 6,,,7-Jan-26,190,,
,"$341,219 ",$14.24 ,,$66.00 ,"AFN 34,210",AFN 940,خریدرای  ساکت و کرای بصیر بابت تعمیر للندر 6,,,7-Jan-26,191,,
,"$341,242 ",$23.48 ,,$66.00 ,"AFN 35,760","AFN 1,550","خریدرای 227 ورق, پوش پلاستیکی و فوتوکاپی نقشه های للندر 6 بابت تعمیر للندر 6",,,7-Jan-26,192,,
,"$348,242 ","$7,000.00 ",,$66.10 ,"AFN 498,460","AFN 462,700",پرداخت برای نور گل بابت کندن کاری دو منزل تهکوی به تعمیر للندر 6,,,7-Jan-26,193,,
,"$349,195 ",$953.10 ,,$66.10 ,"AFN 561,460","AFN 63,000",پرداخت برای شرکت مواد ساختمانی سلیمان داودزی بابت خریداری کرش بادامی و ریگ شسته به تعمیر للندر 6,,,7-Jan-26,194,,
,"$356,195 ","$7,000.00 ",,$66.10 ,,"AFN 462,700",پرداخت برای نور گل بابت کندن کاری دو منزل تهکوی به تعمیر للندر 6,,,7-Jan-26,194,,
,"$357,195 ","$1,000.00 ",,$66.00 ,"AFN 627,460","AFN 66,000",پرداخت برای نورالدین بابت سیم تاپی تعمیر للندر 6,,,11-Jan-26,195,,
,"$357,715 ",$520.00 , $520.00 ,$66.22 ,"AFN 627,460",,خریداری سیم حستی 1.5 میلی چینایی بایت تعمیر للندر6 به دست حاجی احسان سهاک,,,14-Jan-26,196,,
,"$359,715 ","$2,000.00 ",,$66.20 ,"AFN 759,860","AFN 132,400",پرداخت برای نورالدین بابت سیم تاپی تعمیر للندر 6,,,14-Jan-26,197,,
,"$359,987 ",$271.90 ,,$66.20 ,"AFN 777,860","AFN 18,000",پرداخت برای نورالدین قالبکاری پایل های تحکیماتی تعمیر للندر6,,,14-Jan-26,198,,
,"$361,198 ","$1,211.16 ",,$66.30 ,"AFN 858,160","AFN 80,300",پرداخت و تصفیه حساب مکمل علی داد مکسر کار بابت کانکریت ریزی پایل های اساسی و شفته ریزی بالای سنگ بولدر دو سکشن به تعمیر للندر 6,,,14-Jan-26,199,,
,"$361,213 ",$15.08 ,,$66.30 ,"AFN 859,160","AFN 1,000",پرداخت کرای انتقال مکسر کانکریت ریزی به تعمیر للندر 6 نظر به ضرورت ساحه,,,14-Jan-26,200,,
,"$364,517 ","$3,303.17 ",,$66.30 ,"AFN 1,078,160","AFN 219,000",پرداخت برای مشعل بابت خریداری کرش بادامی و ریگ شسته به تعمیر للندر 6   ,,,14-Jan-26,201,,
,"$384,663 ","$20,146.15 ",,$66.30 ,"AFN 2,413,850","AFN 1,335,690",پرداخت و تصفیه حساب مکمل بابت اجرت ساعتوار و کندن کاری دو منزل تعکوی توسط قراردادی نورگل ولد حاجی خان گل به نعمیر للندر 6,,,14-Jan-26,202,,
,"$384,678 ",$15.11 ,,$66.20 ,"AFN 2,414,850","AFN 1,000",خریداری کارت مبایل به انجنیر وحیدالله صدیقی بابت فعال نمودن انترنت,,,14-Jan-26,203,,
,"$384,829 ",$151.06 ,,$66.20 ,"AFN 2,424,850","AFN 10,000",پیش پرداخت برای انجنیر وحیدالله ولد حبیب الله بابت ماه جدی 1404,,,15-Jan-26,204,,
,"$384,937 ",$54.00 , $54.00 ,$66.50 ,"AFN 2,424,850",AFN 0,پرداخت برای شرکت زمزم استیل بابت خریداری سیم 1.5 ملی جستی به تعمیر للندر 6,,,22-Jan-26,205,,
,"$385,088 ",$151.01 ,,$66.22 ,"AFN 2,434,850","AFN 10,000",پرداخت برای میرویس ولد عبدالله بصیر بابت ماه جدی 1404,,,24-Jan-26,205,,
,"$385,239 ",$151.01 ,,$66.22 ,"AFN 2,444,850","AFN 10,000",پرداخت برای عبدلله بصیر ولد رضا بابت ماه جدی 1404,,,24-Jan-26,206,,
,"$385,390 ",$151.22 ,,$66.13 ,"AFN 2,454,850","AFN 10,000",پرداخت برای عبدلله متین ولد نیک محمد بابت ماه جدی 1404,,,27-Jan-26,207,,
,"$385,617 ",$226.83 ,,$66.13 ,"AFN 2,469,850","AFN 15,000",پرداخت برای وحیدالله صدیقی ولد حبیب الله بابت ماه جدی 1404,,,27-Jan-26,208,,
,"$385,808 ",$191.57 ,,$65.25 ,"AFN 2,482,350","AFN 12,500",پرداخت محمد بصیر ولد محمد وکیل بابت ماه جدی 1404,,,29-Jan-26,209,,
,"$385,962 ",$153.26 ,,$65.25 ,"AFN 2,492,350","AFN 10,000",پرداخت محمد نادر  ولد سفی مقبول شاه بابت ماه جدی 1404,,,29-Jan-26,210,,
,"$386,018 ",$56.20 ,,$65.25 ,"AFN 2,496,017","AFN 3,667",پرداخت علی احمد ولد جما خان بابت ماه جدی 1404,,,29-Jan-26,211,,
,"$386,069 ",$51.08 ,,$65.25 ,"AFN 2,499,350","AFN 3,333",پرداخت برای سادر ولی ولد صبرالله بابت ماه جدی 1404,,,29-Jan-26,212,,
,"$386,120 ",$51.08 ,,$65.25 ,"AFN 2,502,683","AFN 3,333",پرداخت برای سادر ولی ولد صبرالله بابت ماه جدی 1404,,,29-Jan-26,213,,
,"$388,478 ","$2,357.89 ",,$66.50 ,"AFN 2,659,483","AFN 156,800",پرداخت برای شیرباز بابت خریداری سنگ بولدر به تعمیر للندر 6,,,31-Jan-26,214,,
,"$388,978 ",$500.00 ,,$66.50 ,"AFN 2,692,733","AFN 33,250",پرداخت برای نوردین بابت سیم تابی تعمیر للندر 6,,,31-Jan-26,215,,
,"$389,092 ",$113.93 ,,$65.39 ,"AFN 2,700,183","AFN 7,450","پرداخت برای 3 نفر کاریگر علی داد به خاطری کانکریت باقیمانده, کشیدن مکسر توسط کرین از تهکاوی روی زمین و 2 نفر کاریگر از جمع نورالدین روز که کانکریت باقی مانده بود",,,2-Feb-26,216,,
,"$389,153 ",$61.02 ,,$65.39 ,"AFN 2,704,173","AFN 3,990","پرداخت لحاف یک نفره و پرداخت کرایه تکسی به للندر 6,خریداری چین کلیت ترکی از فروشگاه وطن الکتریک به تعمیر للندر 6,خریداری دسته بیل و کلنگ به تعمیر للندر 6, خریداری گوک , زنجیر برای قلف, قلف خورد و آب به تعمیر للندر 6 و پرداخت برای انجینیر ناحیه 4 به خاطری بازدید و امضای سیخ بندی",,,2-Feb-26,217,,
,"$389,197 ",$43.89 ,,$65.39 ,"AFN 2,707,043","AFN 2,870","خریداری یکونیم کیلو گوشت, آب و مرچ به تعمیر للندر 6, خریداری گاز مایع به تعمیر للندر 6, خریداری بالشت پور, خریداری چاینک 4 لیتر و خریداری یک سیر کچالو , مرچ, سبزی و آب نوشیدنی",,,2-Feb-26,218,,
,"$389,551 ",$354.49 ,,$65.39 ,"AFN 2,730,223","AFN 23,180","پرداخت برای برق و کرایه نصییر, خریداری گاز به تعمیر للندر 6, خریداری گوشت یک نیم کیلو, مرچ, سبزی و آب به تعمیر للندر 6, خریداری 490 دانه نان از تاریخ 1404/10/17 الی 1404/11/5 به تعمیر للندر 6 و کرایه ماه دلو و جنوری شمسی پلازا و صرفیه بل برق ماه جدی ",,,2-Feb-26,219,,
,"$389,662 ",$110.57 ,,$65.39 ,"AFN 2,737,453","AFN 7,230","خریداری گاز به للندر 6, خریداری رومی خشک یک قعطی, گوشت یک و نیم کیلو , سبزی و آب به تعمیر للندر 6, خریداری گاز, خریداری برنج ,نخود,دال, مایع ضرف شویی , پیاز , کچالو , سیر و کرایه موتر به تعمیر للندر 6 و خریداری دستکش به تعمیر  للندر 6",,,2-Feb-26,220,,
,"$389,685 ",$22.79 ,,$65.39 ,"AFN 2,738,943","AFN 1,490","خریداری صافی نیکی , آب و غیره به تعمیر للندر 6, خریداری ریگ ششنه و پرداخت کرایه به تعمیر للندر6, خریداری پلاس, پیچکش, قفل , دبل , چکش آهنی و پیچ اسکرو به تعمیر للندر 6",,,2-Feb-26,221,,
,"$390,007 ",$322.09 ,,$65.20 ,"AFN 2,759,943","AFN 21,000",پرداخت برای نورالدین بابت مصارف روزانه به خاطری بیکار ماندن کاریگران نورالدین در تعمیر للندر 6,,,4-Feb-26,222,,
,"$391,007 ","$1,000.00 ",,$65.20 ,"AFN 2,825,143","AFN 65,200",پرداخت برای نورالدین بابت سیم تاپی تعمیر للندر 6,,,4-Feb-26,223,,
,"$391,460 ",$453.17 ,,$66.20 ,"AFN 2,855,143","AFN 30,000",پرداخت برای نورالدین بابت سیم تاپی تعمیر للندر 6,,,4-Feb-26,224,,
,"$391,560 ",$100.00 ,,$65.00 ,"AFN 2,861,643","AFN 6,500",پیش پرداخت برای انجنیر وحیدالله ولد حبیب الله بابت ماه دلو 1404,,,7-Feb-26,225,,
,"$394,495 ","$2,934.61 ",,$62.70 ,"AFN 3,045,643","AFN 184,000",پرداخت برای حاجی عبدلکریم بابت خریداری سمنت ایرانی به تعیر للندر 6,,,16-Feb-26,226,,
,"$454,495 ","$30,000.00 "," $30,000.00 ",$62.70 ,"AFN 3,045,643",AFN 0,پیش پرداخت برای شزکت کانکریت ریزی توحید مسکن بابت فوندیشن تعمیر للندر 6 ( توسط صرافی سرای شهزاده نزد حاجی خانی خیشکی وال) ,,,16-Feb-26,227,,
,"$455,030 ",$535.89 ,,$62.70 ,"AFN 3,079,243","AFN 33,600",پرداخت یرای خریداری مواد ضد نم برای کانکریت ریزی شفته بالای سنگ های بولدر تعمیر للندر 6,,,16-Feb-26,228,,
,"$455,136 ",$105.41 ,,$62.61 ,"AFN 3,085,843","AFN 6,600",خریداری سنگ سیاه اسپیسر از شرکت هلال به تعمیر للندر 6,,,16-Feb-26,229,,
,"$455,374 ",$238.10 ,,$63.00 ,"AFN 3,100,843","AFN 15,000",پرداخت پول باقیمانده علی خان مکسر کار بابت شفته ریزی جاینت A تعمیر للندر 6,,,18-Feb-26,230,,
,"$456,287 ",$912.70 ,,$63.00 ,"AFN 3,158,343","AFN 57,500",پرداخت یرای نوردین بابت مصارف روزانه کاریگرانش بابت تعمیر للندر 6 و همچنان اجرت بالا کردن سیخ های گول از ساحه تهکوی به کف زمین تعمیر للندر 6 توسط عزیز الله,,,18-Feb-26,231,,
,"$456,422 ",$134.92 ,,$63.00 ,"AFN 3,166,843","AFN 8,500",پرداخت اجرت کرن کار بابت پایین نمودن 17 بندل فی بندل از قرار 500 افغانی به تعمیر للندر 6,,,19-Feb-26,232,,
,"$456,715 ",$293.65 ,,$63.00 ,"AFN 3,185,343","AFN 18,500",پرداخت معاش وحیدالله صدیقی ولد حبییب الله بابت ماه دلو 1404 ,,,19-Feb-26,233,,
,"$456,741 ",$25.37 ,,$63.07 ,"AFN 3,186,943","AFN 1,600",پرداخت برای مطبعه بخاطری چاپ رویی واسکت به للندر 6,,,21-Feb-26,234,,
,"$496,741 ","$20,000.00 "," $20,000.00 ",$63.07 ,"AFN 3,186,943",,اجر احواله توسط چک نمبر 2354 برای شرکت کانکریت ریزی توحید مسکن بابت فوندیشن تعمیر للندر 6 ,,,22-Feb-26,235,,
,"$496,756 ",$15.86 ,,$63.07 ,"AFN 3,187,943","AFN 1,000",خریداری کارت موبایل برای فعال کردن انترنیت برای انجنیر وحیدالله,,,22-Feb-26,236,,
,"$496,788 ",$31.45 ,,$63.60 ,"AFN 3,189,943","AFN 2,000",پرداخت برای قربان کرن کار بابت انتقال جنراتور از للندر 2 به تعمیر للندر 6,,,23-Feb-26,237,,
,"$496,791 ",$3.02 ,,$63.00 ,"AFN 3,190,133",AFN 190,خریداری تیل پطرول به موتر سایکل بخاطر رفتن زین الله به للندر 6,,,24-Feb-26,238,,
,"$496,897 ",$106.00 ,,$63.30 ,"AFN 3,196,843","AFN 6,710",خریداری  تیل پطرول به موتر بخار رفتن به مزار شریف و پرداخت برای مصارفات عذا یی مزار شریف بخاطری  خریداری تخته ها,,,24-Feb-26,239,,
,"$498,215 ","$1,318.27 ",,$63.53 ,"AFN 3,280,593","AFN 83,750",مصارفات تعمیر للندر 6 توسط حاجی احسان از تاریخ 3 فیبروری الی 25 فیبروری که صورت گرفته است ,,,25-Feb-26,240,,
,"$498,331 ",$115.43 ,,$63.53 ,"AFN 3,287,926","AFN 7,333",پرداخت برای میرویس  ولد عبدالبصیر بابت ماه دلو 1404 ,,,25-Feb-26,241,,
,"$498,527 ",$196.76 ,,$63.53 ,"AFN 3,300,426","AFN 12,500",پرداخت برای محمد بصیر ولد محمد وکیل بابت ماه دلو 1404,,,25-Feb-26,242,,
,"$498,685 ",$157.41 ,,$63.53 ,"AFN 3,310,426","AFN 10,000",پرداخت برای صبرالله ولد الله محمد بابت ماه دلو 1404 ,,,25-Feb-26,243,,
,"$498,842 ",$157.41 ,,$63.53 ,"AFN 3,320,426","AFN 10,000",پرداخت برای  صابر ولی  ولد صبرالله بابت ماه دلو 1404 ,,,25-Feb-26,244,,
,"$499,000 ",$157.41 ,,$63.53 ,"AFN 3,330,426","AFN 10,000",پرداخت برای علی احمد  ولد جمعه خان بابت ماه دلو 1404 ,,,25-Feb-26,245,,
,"$499,158 ",$158.20 ,,$63.21 ,"AFN 3,340,426","AFN 10,000",پرداخت برای محمد نادر ولد صافی مقبول شاه بابت ماه دلو 1404,,,26-Feb-26,246,,
,"$500,158 ",$999.84 ,,$63.21 ,"AFN 3,403,626","AFN 63,200",پرداخت برای نورالدین بابت سیم تابی تعمیر للندر 6,,,26-Feb-26,247,,
,"$518,158 ","$9,000.00 "," $9,000.00 ",$63.21 ,"AFN 3,403,626",,پرداخت و تصفیه حساب شرکت کانکریت ریزی افغان پلانت بابت پایل های تعمیر للندر 6,,,26-Feb-26,248,,
,"$518,804 ",$646.15 ,,$65.00 ,"AFN 3,445,626","AFN 42,000",پرداخت مصارف روزانه کاریگران نورالدین قراردادی تعمیر للندر 6 از تاریخ 16 دلو ای 27  دلو 1404 فی روز از قرار 3500 افغانی,,,4-Mar-26,249,,
,"$519,277 ",$473.19 ,,$63.40 ,"AFN 3,475,626","AFN 30,000",پرداخت فعلی برای لحوه تعمیر للندر 6,,,8-Mar-26,250,,
,"$519,527 ",$125.00 , $125.00 ,$63.55 ,,,پرداخت برای شرکت فراز آژمان بابت خریداری کاک سقفی به تعمیر للندر 6,,,10-Mar-26,251,,
,"$521,025 ","$1,497.64 ",,$63.50 ,"AFN 95,100","AFN 95,100",پرداخت برای نورالدین بابت سیم تاپی تعمیر للندر 6,,,11-Mar-26,252,,
,"$521,871 ",$846.46 ,,$63.50 ,"AFN 3,457,376","AFN 53,750",پرداخت برای شرکت سلیمان داودزی بابت خریداری کش به تعمیر للندر 6,,,11-Mar-26,253,,
,"$521,878 ",$6.61 ,,$63.50 ,"AFN 95,520",AFN 420,خریداری سیخ ولدنگ به تعمیر للندر 6,,,11-Mar-26,254,,
,"$522,547 ",$669.76 ,,$63.50 ,"AFN 138,050","AFN 42,530",مصارفات هذا تعمیر للندر 6 از تاریخ 25 فیبروری الی 11 مارچ سال 2026 توسط انجینیراحسان,,,11-Mar-26,255,,
,"$522,571 ",$23.66 ,,$63.40 ,"AFN 139,550","AFN 1,500",پیش پرداخت برای انجنیر وحید الله ولد حبیب الله بابت ماه حوت 1404,,,12-Mar-26,256,,
,"$542,571 ","$10,000.00 "," $10,000.00 ",$63.40 ,"AFN 139,550",,پرداخت برای شرکت کانکریت ریزی توحید مسکن بابت تعمیر للندر 6,,,12-Mar-26,257,,
,"$542,728 ",$156.67 ,,$63.83 ,"AFN 149,550","AFN 10,000",پرداخت معاش محمد نادر ولد صفی مقبول شاه بابت ماه حوت 1404,,,16-Mar-26,258,,
,"$542,884 ",$156.67 ,,$63.83 ,"AFN 159,550","AFN 10,000",پرداخت معاش عبدالبصیر ولد رضا بابت ماه حوت 1404 ,,,16-Mar-26,259,,
,"$543,041 ",$156.67 ,,$63.83 ,"AFN 169,550","AFN 10,000",پرداخت معاش میرویس ولد عبدالبصیربابت ماه حوت 1404,,,16-Mar-26,260,,
,"$543,198 ",$156.67 ,,$63.83 ,"AFN 179,550","AFN 10,000",پرداخت معاش علی احمد ولد جمعه خان بابت ماه حوت 1404,,,16-Mar-26,261,,مربوط به پروزه نیست
,"$543,354 ",$156.67 ,,$63.83 ,"AFN 189,550","AFN 10,000",پرداخت معاش سردار ولی ولد صبرالله بابت ماه حوت 1404,,,16-Mar-26,262,,
,"$543,511 ",$156.67 ,,$63.83 ,"AFN 199,550","AFN 10,000",پردخت معاش صبرالله ولد الله محمد بابت ماه حوت 1404,,,16-Mar-26,263,,
,"$543,646 ",$135.06 ,,$63.83 ,"AFN 208,171","AFN 8,621",پرداخت معاش عبدالمطین ولد نیک محمد بابت ماه حوت 1404,,,16-Mar-26,264,,
,"$543,828 ",$181.73 ,,$63.83 ,"AFN 219,771","AFN 11,600",پرداخت برای خریداری 20 خریطه سمنت ایرانی به تعمیر للندر 6,,,16-Mar-26,265,,
,"$543,919 ",$90.87 ,,$63.83 ,"AFN 225,571","AFN 5,800",پرداخت برای نورالدین بخاطری سوراخ نمودن جک ها به تعداد 490 فی دانه 10 افغانی و کرای موتر بابت انتقال ماشین به ساحه للندر 6,,,16-Mar-26,266,,
,"$544,091 ",$172.33 ,,$63.83 ,"AFN 236,571","AFN 11,000",پیش پرداخت برای وحیدالله ولد حبیب الله انجینیر ساحوی تعمیر للندر بابت ماه حوت 1404,,,16-Mar-26,267,,
,"$549,284 ","$5,193.09 ",,$63.70 ,"AFN 567,371","AFN 330,800",پرداخت برای نورالدین بابت سیم تابی و قالبکاری تعمیر للندر 6,,,17-Mar-26,268,,
,"$549,355 ",$70.64 ,,$63.70 ,"AFN 571,871","AFN 4,500",پرداخت برای کاکا بادام گل بدست روزالدین بابت انتقال چوب و چک ها از گدام کارته سه به تعمیر للندر 6,,,17-Mar-26,269,,
,"$549,551 ",$196.23 ,,$63.70 ,"AFN 584,371","AFN 12,500",پرداخت معاش وحیدالله صدیقی بابت ماه حوت سال 1404,,,17-Mar-26,270,,
,"$551,046 ","$1,495.40 ",,$65.20 ,"AFN 681,871","AFN 97,500",پرداخت برای نورالدین بابت سیم تابی و قالبکاری تعمیر للندر 6,,,31-Mar-26,271,,
,"$551,300 ",$253.53 ,,$65.20 ,"AFN 698,401","AFN 16,530","خریداری دستکش, مبلایل سوخته به جنراتور, گاز, برس رنگ, تار رجه, گوشت , انرژی در روزی کانکریت ریزی و مصارف متفرقه آب, خرما و چارجر بطری به جنراتور, تیل تیزل, خریداری یک راس گوسفند برای حاجی عبدالحق به هدایت حاجی رفیع بخاطری آمدن از حج عمره و کرایه موتری آن, آب, پالک, تخم و دیگر مصارف, پرداخت کرایه دو نفر کاریگر بابت کانکریت ریزی به تعمیر للندر 4 و کرایه تکسی دو نفر کاریگر بابت کارنکریت کرایه واپسی و کرایه دو نفر کاریگر بابت آمدن ار للندر 6 به للندر 5  به تعمیر للندر 6",,,31-Mar-26,272,,
,"$551,475 ",$175.15 ,,$65.20 ,"AFN 709,821","AFN 11,420","خریداری تار رجه, پرداخت کرای انتقال دو کاریگر از للندر 5 به للندر 6 و کرایه موتری مازدا بابت انتقال 500 دانه جک کرایی از قصبه به للندر 6, خریداری دو عدد کوک به چاشت , بالتی و انرژی در روز کانکریت ریزی چت اول تعمیر للندر 6, خریداری  650 عدد نان فی دانه 8 افغانی بابت تعمیر للندر 6, خریداری آب ترازو, پیپ و قلم تراش به تعمیر للندر 6, خریداری انرژی و کیک به انجنیران و دوکتوران در روز کانکریت ریزی, خریداری یک عدد تخم, آب و بطری به تعمیر للندر 6",,,31-Mar-26,273,,
,"$551,601 ",$126.23 ,,$65.20 ,"AFN 718,051","AFN 8,230","خریداری تیل دیزل, گاز, مبلایل, خریداری مبلایل به جنراتوری تعمیر للندر 6, کرایه رفت و آمد ار للندر 5 به للندر 6 بخاطری مبلایل تبدیلی, خریداری تیل دیزل, متر, توش, رجه, دستکش به تعمیر للندر 6",,,31-Mar-26,274,,
,"$551,795 ",$193.25 ,,$65.20 ,"AFN 730,651","AFN 12,600","خریداری تیل دیزل به جنراتور,پرداخت برای دو نفر کلگار روزدین در روز کانکریت ریزی تعمیر للندر 6, پرداخت برای دو نفر پولیس شرینی عیدی  و خریداری بادنجان خشک بابت تعمیر للندر 6, تیل دیزل به جنراتور, خریداری خامه و مربا به تعمیر للندر 6 و خریداری سر گوساله بابت تعمیر للندر 6",,,31-Mar-26,275,,
,"$552,038 ",$243.40 ,,$65.20 ,"AFN 746,521","AFN 15,870","خریداری تیل دیزل برای جنراتور, یک دانه لور رنگ کلان, رنگ روغنی و لور, پرداخت بل برق دارای اسم مشترک  سید فاروق, عبدالرحیم , عدهن لعل  و کرایه موتری آن,  پرداخت اضافه پولی بارگیری  تخته 250 دانه و خریداری یک پلاستیک سیب به تعمیر للندر 6, پرداخت برای ذین الله بابت آوردن جنراترو خورد به تعمیر للندر 6, خریداری ساکت, پل چرخ, قلم آهنی و غیره , پرداخت برای آوردن ویبراتور از تعمیر للندر 4 به تعمیر للندر 6 و رساندن انجنیر وحید و احسان از ساحه کار الی کمپنی و چهار قلعه و پرداخت برای 2 نفر کاریگر در روز کانکریت ریزی به تعمیر للندر 6",,,31-Mar-26,276,,
,"$552,152 ",$114.26 ,,$65.20 ,"AFN 753,971","AFN 7,450","خریداری گاز به تعمیر للندر 6, گوشت مرغ, کارت موبایل برای انترنیت انجنیر وحید, انرژی , آب, سبزی, برای انجنیران, تیل پطرول, مبلایل برای جنراتور, گوشت مرغ, تیل دیزل برای جنراتور, تار رجه, رنگ روغنی, لور کلان , لور خورد, برس و رجه و پرداخت کرایه وتری آن به تعمیر للندر 6",,,31-Mar-26,277,,
,"$552,311 ",$158.74 ,,$65.20 ,"AFN 764,321","AFN 10,350","خریداری گوشت گوساله به تعمیر للندر 6, خریداری تیل دیزل به جنراتور, مبلایل به جنراتور, خریداری روغن, لوبیا, دال نخود, روب, پیاز, ترکاری, مایع ظرف شویی و غیره به تعمیر للندر 6, خریداری تیل دیزلو پطرول به جنراتور و موتر , گاز, جوس به مهمانان حاجی رفیع در روزکانکریت ریزی, انرژی , کیک به کاریگر ها در روز کانکریت ریزی",,,31-Mar-26,278,,
,"$552,453 ",$141.87 ,,$65.20 ,"AFN 773,571","AFN 9,250","پرداخت برای 2 نفر کاریگر در روز کانکریت ریزی و پرداخت برای انجنیر وحید کرایه موتریش را به تعمیر للندر 6, خریداری گاز, گوشت, مبلایل برای جنراتور, تیل دیزل و پطرول برای جنراترو و موتر, دست گش, جالی, پل سنگ برش, دبل و غیره به تعمیر للندر 6, تیل دیزل و پطرول برای جنراتور و موتر به تعمیر للندر 6 , تیل دیزل برای جنراتور به تعمیر للندر 6",,,31-Mar-26,279,,
,"$552,461 ",$8.59 ,,$65.20 ,"AFN 774,131",AFN 560,خریداری مواد ساختمانی از قبیل کریسن یک قوتی و غیره و پرداخت کرایه میرویس,,,31-Mar-26,280,,
,"$552,553 ",$92.02 ,,$65.20 ,"AFN 780,131","AFN 6,000",پرداخت برای ترمیم و سیم پیچی داینمو 15 کیلووات به تعمیر للندر 6,,,1-Apr-26,281,,
,"$553,493 ",$939.91 ,,$64.90 ,"AFN 841,131","AFN 61,000",پرداخت برای شرکت مواد ساختمانی سلیمان داودزی بابت خریداری ریگ شسته به تعمیر للندر 6,,,2-Apr-26,282,,
,"$633,493 ","$40,000.00 "," $40,000.00 ",$64.90 ,"AFN 841,131",,"پرداخت برای شرکت تجارتی حاجی نادر سلطانی دولت زی بابت خریداری سیخ گول 22 ملی به تعمیر للندر 6, پرداخت برای شرکت تجارتی حاجی نادر سلطانی دولت زی بابت خریداری سیخ گول 14 ملی, 16 ملی و 22 ملی به تعمیر للندر 6,  پرداخت برای شرکت تجارتی حاجی نادر سلطان دولت زی از مجموع بل نمبر 415 بابت خریداری سیخ گول 10 ملی به تعمیر للندر 6",,,2-Apr-26,283,,
,"$633,571 ",$77.16 ,,$64.80 ,"AFN 846,131","AFN 5,000",پیش پرداخت برای انجنیر وحید الله ولد حبیب الله بابت ماه حمل 1405,,,4-Apr-26,284,,
,"$633,771 ",$200.62 ,,$64.80 ,"AFN 859,131","AFN 13,000",پرداخت برای نورالدین بابت سیم تابی  و قالبکاری تعمیر للندر 6,,,7-Apr-26,285,,
,"$634,571 ",$800.00 ,,$64.80 ,"AFN 910,971","AFN 51,840",پرداخت برای نورالدین بابت سیم تابی و قالبکاری تعمیر للندر 6,,,8-Apr-26,286,,
,"$634,881 ",$309.45 ,,$64.63 ,"AFN 930,971","AFN 20,000",پرداخت برای نورالدین بابت قالب کاری تعمیر للندر 6,,,11-Apr-26,287,,
,"$634,888 ",$7.74 ,,$64.63 ,"AFN 931,471",AFN 500,پیش پرداخت برای میرویس ولد عبدالبصیر بابت ماه حمل 1405,,,11-Apr-26,288,,
,"$635,288 ",$400.00 ,,$65.00 ,"AFN 957,471","AFN 26,000",پرداخت برای نورالدین بابت سیم تابی و قالبکاری تعمیر للندر 6 بدست محمد هاشم,,,15-Apr-26,289,,
,"$672,542 ","$18,627.00 "," $18,627 ",$65.00 ,"AFN 957,471",,"پرداخت برای شرکت آهن آلات کوهدامن بابت خریداری سیخ گول 12 ملی به تعمیر للندر 6,   پرداخت برای شرکت آهن آلات کوهدامن بابت خریداری سیخ گول 10 ملی و 12 ملی به تعمیر للندر 6   ,  پرداخت هذا به نقد خریداری شده و پول آن توسط جاوید سکندری پرداخت گردیده",,,15-Apr-26,290,,
,"$693,582 ","$10,520.00 "," $10,520 ",$64.40 ,,,پرداخت برای شرکت آهن آلات کوهدامن بابت خریداری نقدی سیخ گول 20 ملی و 25 ملی به تعمیر للندر 6 و اجرا آن توسط صرافی خانی گل توسط چک نمبر 2383,,,16-Apr-26,291,,
,"$693,968 ",$385.80 ,,$64.80 ,"AFN 982,471","AFN 25,000",پرداخت کرای جک های کرایی به تعداد 500 پایه از تاریخ 06 حمل 1405 الی  06 ثور 1405 فی ماه از قرار 25000 افغانی,,,18-Apr-26,292,,
,"$694,099 ",$131.15 ,,$64.81 ,"AFN 990,971","AFN 8,500",خریداری لباس ورزشی و پروتین توسط سمیر للندر,,,21-Apr-26,293,,
,"$694,241 ",$141.95 ,,$64.81 ,"AFN 1,000,171","AFN 9,200","خریداری تیل دیزل به جنراتور, رجه, گوشت مرغ, گاز,شکاستیب, پرداخت برای دو نفر گلکار بخاطری گانگریت ریزی, نان چاشت کاریگر ها, خریداری نخود , رب, روغن, پیاز و ترکاری به تعمیر للندر 6",,,21-Apr-26,294,,
,"$694,362 ",$120.43 ,,$64.81 ,"AFN 1,007,976","AFN 7,805","خریداری مبلایل, تیل دیزل , تار رجه, گاز, پل چرخ نازک و سیخ ویلدنک و پلک  به تعمیر للندر 6",,,21-Apr-26,295,,
,"$694,504 ",$142.18 ,,$64.81 ,"AFN 1,017,191","AFN 9,215","خریداری  یک دانه  گل ماله آهنی, یک دانه گل ماله پلاستیکی, گوشت, پیپ لیول, تیل دیزل, پیپ 3 فاز, پرداخت بل برق و پرداخت کرایه میرویس  و غیره به تعمیر للندر 6",,,21-Apr-26,295,,
,"$694,821 ",$317.39 ,,$64.81 ,"AFN 1,037,761","AFN 20,570","پرداخت برای آمر کنترول ساختمانی ناحیه بخاطری اخذ اجازه کانکریت در روز های بارانی شرنی داد و کرایه موتری وی,   خریداری تیل پطرول به ویبراتور ها, پرداخت برای کاریگران نوردین یک نفر گلکار دو نفر کاریگر در کانکریت ریزی پایه های جفت تعمیر للندر 6 , پرداخت نصب لوحه و ترمیم پروجکتور, پرداخت کرایه انجنیر وحید از للندر 6 به خانه , خریداری قوتی , پلک بابت صندوق برق تعمیر للندر 6, خریداری گوشت , پرداخت برای کاریگران نوردین یک نفر گلکار دو نفر کاریگر در روز کانکریت ریزی چت A تعمیر للندر 6, خریداری کاک سااختمانی به تعمیر للندر 6, خریداری نان و تیل دیزل به تعمیر للندر 6",,,21-Apr-26,296,,
,"$694,968 ",$146.58 ,,$64.81 ,"AFN 1,047,261","AFN 9,500",پرداخت معاش برای میرویس ولد عبدالبصیر بابت ماه حمل 1405 به تعمیر للندر 6,,,21-Apr-26,297,,
,"$695,122 ",$154.30 ,,$64.81 ,"AFN 1,057,261","AFN 10,000",پرداخت معاش برای عبدالبصیر ولد رضا  بابت ماه حمل 1405 به تعمیر للندر 6,,,21-Apr-26,298,,
,"$695,276 ",$154.30 ,,$64.81 ,"AFN 1,067,261","AFN 10,000",پرداخت معاش علی احمد ولد جما خان بابت حمل 1405 به تعمیر للندر 6,,,21-Apr-26,299,,
,"$695,354 ",$77.15 ,,$64.81 ,"AFN 1,072,261","AFN 5,000",پیش پرداخت برای وحید الله ولد حبیب الله انجنیر ساحوی تعمیر للندر 6,,,21-Apr-26,300,,
,"$695,662 ",$308.59 ,,$64.81 ,"AFN 1,092,261","AFN 20,000",پرداخت معاش وحیدالله صدیقی ولد حبیب الله بابت ماه حمل 1405 به تعمیر للندر 6,,,21-Apr-26,301,,
,"$695,816 ",$154.30 ,,$64.81 ,"AFN 1,102,261","AFN 10,000",پرداخت معاش محمد نادر ولد  صفی مقبول ساهی بابت ماه حمل 1405 به تعمیر للندر 6,,,22-Apr-26,302,,
,"$695,971 ",$154.30 ,,$64.81 ,"AFN 1,112,261","AFN 10,000",پرداخت معاش سردار ولی بابت ماه حمل 1405 به تعمیر للندر 6,,,22-Apr-26,303,,
,"$700,799 ","$2,414.00 "," $2,414.00 ",$64.50 ,,,پرداخت و تصفیه حساب پول باقیمانده شرکت آهن فقیری بابت خریداری سیخ گول 25 میلی و 22 میلی به تعمیر للندر 6 مبلغ هذات توسط صرافی خانی گل توسط چک نمبر 2392 اجرا گریده است  ,,,22-Apr-26,,,
,"$744,799 ","$22,000.00 "," $22,000.00 ",$64.50 ,,,"پرداخت برای شرکت آهن فقیری بابت خریداری سیخ گول 12, 16 ,25و 22 میلی به تعمیر للندر 6 مبلغ هذات توسط صرافی خانی گل توسط چک نمبر 2389 اجرا گریده است",,,22-Apr-26,,,
,"$744,887 ",$88.19 ,,$63.50 ,"AFN 1,117,861","AFN 5,600",پرداخت برای شرکت مواد ساختمانی شیر باز بابت خریداری ریگ شسته به تعمیر للندر 6,,,23-Apr-26,304,,
,"$745,281 ",$393.70 ,,$63.50 ,"AFN 1,142,861","AFN 25,000",پرداخت کرای جک ها به تعداد 500 پایه به تعمیر للندر 6 بابت ماه ثور 1405,,,23-Apr-26,305,,
,"$745,344 ",$62.99 ,,$63.50 ,"AFN 1,146,861","AFN 4,000",پرداخت برای محمد نسیم کرن کار بابت پاین کردن 8 بندل سیخ های گول خریداری شده از شرکت فقیر استیل به تعمیر للندر 6,,,23-Apr-26,306,,
,"$750,068 ","$4,724.41 ",,$63.50 ,"AFN 1,446,861","AFN 300,000",پرداخت برای نورالدین بابت سیم تابی و قالبکاری تعمیر للندر 6,,,23-Apr-26,307,,
,"$750,205 ",$136.84 ,,$64.53 ,"AFN 1,455,691","AFN 8,830","پرداخت مصارف روزانه تعمیر للندر 6 توسط حاجی احسان از 21 آپریل الی 27 آپریل 2026 از قبیل خریداری تیل به جنراتور, کریه زرنج, سویچ, گوشت مرغ, گاز و غیره",,,27-Apr-26,308,,
,"$750,443 ",$238.03 ,,$64.53 ,"AFN 1,471,051","AFN 15,360","پرداخت مصارف روزانه تعمیر للندر 6 توسط حاجی احسان از 21 آپریل الی 27 آپریل 2026 از قبیل خریداری آب, مارکر, تیل, پل برش, فیوز و غیره",,,27-Apr-26,309,,
,"$750,803 ",$360.30 ,,$64.53 ,"AFN 1,494,301","AFN 23,250","پرداخت مصارف روزانه تعمیر للندر 6 توسط حاجی احسان از 21 آپریل الی 27 آپریل 2026 از قبیل خریداری پل, جالی, تیل دیزل, پرداخت به ترافیک, گوشت و غیره",,,27-Apr-26,310,,
,"$750,939 ",$136.22 ,,$64.53 ,"AFN 1,503,091","AFN 8,790","پرداخت مصارف روزانه تعمیر للندر 6 توسط حاجی احسان از 21 آپریل الی 27 آپریل 2026 از قبیل خریداری لور, گوشت, ویبراتور, پرداخت به گلکار و کاریگر و غیره",,,27-Apr-26,311,,
,"$751,070 ",$130.48 ,,$64.53 ,"AFN 1,511,511","AFN 8,420","پرداخت مصارف روزانه تعمیر للندر 6 توسط حاجی احسان از 21 آپریل الی 27 آپریل 2026 از قبیل خریداری مبلایل, رنگ روغنی, لور, تیل, فلتر دیزل, پرزه جنراتور و غیره",,,27-Apr-26,312,,
,"$751,229 ",$158.63 ,,$64.30 ,"AFN 1,521,711","AFN 10,200",خریداری سمنت ایرانی و انتقال آن از تعمیر للندر 5 به تعمیر للندر 6,,,28-Apr-26,313,,
,"$753,429 ","$1,100.00 "," $1,100.00 ",$64.30 ,"AFN 1,521,711",,پرداخت برای شرکت هرات الکتریک بابت خریداری سیم جستی 1.5 ملی به تعمیر للندر 6,,,30-Apr-26,314,,
,"$753,430 ",$1.55 ,,$64.57 ,"AFN 1,521,811",AFN 100,خریداری تیل پطرول به موتر سایکل توسط زین الله,,,4-May-26,,,
,"$754,509 ","$1,078.97 ",,$63.95 ,"AFN 1,590,811","AFN 69,000",پرداخت برای نوالدین بابت سیم توی تعمیر للندر 6,,,6-May-26,315,,
,"$754,587 ",$77.64 ,,$64.40 ,"AFN 1,595,811","AFN 5,000",پیش پرداخت برای وحیدالله ولد حبیب الله انجینیر ساحوی تعمیر للندر 6 و ثور سال 1405,,,7-May-26,316,,
,"$754,592 ",$5.01 ,,$63.90 ,"AFN 1,596,131",AFN 320,پرداخت برای خورده فروشی خوست بابت خریداری رنج 21/23 و 22 به تعمیر للندر 6,,,7-May-26,317,,
,"$754,593 ",$1.57 ,,$63.60 ,"AFN 1,596,231",AFN 100,خریداری تیل پطرول بابت موتر سایکل برای تعمیر للندر 6,,,9-May-26,318,,
,"$755,430 ",$836.73 ,,$63.70 ,"AFN 1,649,531","AFN 53,300","مصارف تعمیر للندر 6 از قبیل پول کردیت انجنیر, پرداخت برای کاریگران, خریداری  گاز, پرداخت برای آوردن سیخ گول, خریداری ویبراتور, تیل دیزل  برای جنراتور, گوشت و غیره ",,,11-May-26,319,,
,"$755,626 ",$196.23 ,,$63.70 ,"AFN 1,662,031","AFN 12,500",پرداخت برای محمد بشیر کرن بابت  تخلیه 25 بتدل سیخ گول خریداری از شرکت خریداری از شرکت خان ابسیل به تعمیر للندر 6,,,11-May-26,320,,
,"$756,729 ","$1,102.36 ",,$63.50 ,,"AFN 70,000",پرداخت برای شرکت کانکریت ریزی توحید مسکن بابت تعمیر للندر 6 و اجر آن توسط چک نمبر 2421 از صرافی خانی گل ,,,12-May-26,,,
,"$776,729 ","$10,000.00 "," $10,000.00 ",$63.60 ,"AFN 1,662,031",,پرداخت برای شرکت زمزم استیل بابت خریداری سیخ گول به تعمیر للندر 6,,,14-May-26,321,,
,"$779,873 ","$3,144.65 ",,$63.60 ,"AFN 1,862,031","AFN 200,000",پرداخت برای نوالدین بابت سیم تابی و قالبکاری به تعمیر للندر 6,,,14-May-26,322,,
,#DIV/0!,#DIV/0!,,,"AFN 1,862,031",,,,,,323,,
,#DIV/0!,#DIV/0!,,,"AFN 1,862,031",,,,,,324,,
,#DIV/0!,#DIV/0!,,,"AFN 1,862,031",,,,,,325,,
,#DIV/0!,#DIV/0!,,,"AFN 1,862,031",,,,,,326,,
,#DIV/0!,#DIV/0!,,,"AFN 1,862,031",,,,,,327,,
,#DIV/0!,#DIV/0!,,,"AFN 1,862,031",,,,,,328,,
,#DIV/0!,#DIV/0!,,,"AFN 1,862,031",,,,,,329,,
,#DIV/0!,#DIV/0!,,,"AFN 1,862,031",,,,,,330,,
,#DIV/0!,#DIV/0!,,,"AFN 1,862,031",,,,,,331,,
,#DIV/0!,#DIV/0!,,,"AFN 1,862,031",,,,,,332,,
,#DIV/0!,#DIV/0!,,,"AFN 1,862,031",,,,,,333,,
,#DIV/0!,#DIV/0!,,,"AFN 1,862,031",,,,,,334,,
,#DIV/0!,#DIV/0!,,,"AFN 1,862,031",,,,,,330,,
,#DIV/0!,#DIV/0!,,,"AFN 1,862,031",,,,,,331,,
,#DIV/0!,#DIV/0!,,,"AFN 1,862,031",,,,,,332,,
,#DIV/0!,#DIV/0!,,,"AFN 1,862,031",,,,,,333,,
,,,,,,,,,,,334,,
,,,,,,,,,,,,,
,,,,,,,,,,,,,
,,,,,,,,,,,,,
,,,,,,,,,,,,,
,,,,,,,,,,,,,
,,,,,,,,,,,,,
,,,,,,,,,,,,,
,,,,,,,,,,,,,
,,,,,,,,,,,,,
,,,,,,,,,,,,,
,,,,,,,,,,,,,
,,,,,,,,,,,,,
