,مصارفات روزانه دفتر  و تعمیرللندر 4,,,,,,,
مجموع,مجموع افغانی + دالری,نر خ اسعار دالری,مبلغ دالری$,مبلغ افغانی,تفصیلات ,تاریخ,شماره,
$595.3,$595.3,66.38,,"AFN 39,518",پرداخت ترکه ریاست ناحیه اول شاروالی کابل,2-Nov-25,1,
$987.5,$392.2,66.3,,"AFN 26,000",خریداری لین 4/3 و پیپ   به للندر 5,1-Dec-25,2,
$996.7,$9.2,65,,AFN 600,"خریداری آفتابه, قاشق, خاک انداز, برس به للندر 4",13-Dec-25,43,
"$1,027.5",$30.8,65,,"AFN 2,000",خریداری تیل دیزل 31 لیتر به للندر 4,13-Dec-25,44,
"$1,058.3",$30.8,65,,"AFN 2,000",خریداری تیل دیزل 31 لیتر به للندر 4,13-Dec-25,45,
"$1,135.2",$76.9,65,,"AFN 5,000",خریداری تیل دیزل 72 لیتر به للندر 4,13-Dec-25,46,
"$1,189.0",$53.8,65,,"AFN 3,500",خریداری بتری 12 ولت به للندر 4,13-Dec-25,47,
"$1,219.8",$30.8,65,,"AFN 2,000",پرداخت برای انتقال بار گیری بابت للندر 4,13-Dec-25,42,
"$1,273.6",$53.8,65,,"AFN 3,500",پرداخت به مستری و سوچ جنراتور  به للندر 4,13-Dec-25,15,
"$1,276.7",$3.1,65,,AFN 200,پرداخت برای خریداری پطرول 92 به پروژه للندر 4,13-Dec-25,16,
"$1,277.6",$0.9,65,,AFN 60,خریداری قلف بابت للندر 4,13-Dec-25,17,
"$1,279.9",$2.3,65,,AFN 150,خریداری دوازده متر سیخ گول بابت للندر 4,13-Dec-25,18,
"$1,379.9",$100.0,65,$100.00,,پرداخت برای مستری به للندر 4,13-Dec-25,19,
"$1,414.3",$34.3,65,,"AFN 2,232",پرداخت برای کاپی نقشه های للندر 4 ,14-Dec-25,20,
"$1,568.8",$154.6,65.22,,"AFN 10,080",خریداری تیل دیزل برای جنراتور به للندر 4,14-Dec-25,3,
"$1,573.4",$4.5,66.07,,AFN 300,خریداری قفل و کتابچه به للندر 4,14-Dec-25,4,
"$1,576.1",$2.8,65.22,,AFN 180,خریداری کلچ LD  به للندر 4,14-Dec-25,5,
"$1,577.4",$1.2,66.07,,AFN 80,خریداری پلک برق  به للندر 4,14-Dec-25,6,
"$1,581.0",$3.6,66.07,,AFN 240,"خریداری چت راست, زلفی و قلف به للندر 4",14-Dec-25,7,
"$1,582.2",$1.2,66.07,,AFN 80,خریداری چت راست یک جوره  به للندر 4,14-Dec-25,8,
"$1,597.3",$15.1,66.2,,"AFN 1,000",پیش پرداخت برای اکرم ولد عبدامحمد بابت ماه قوس 1404,15-Dec-25,9,
"$1,621.5",$24.2,66.15,,"AFN 1,600",خریداری ترموز  به للندر 4,15-Dec-25,10,
"$1,626.2",$4.7,64,,AFN 300,پرداخت برای فرید بابت کارت موبایل به پروژه للندر 4,16-Dec-25,11,
"$1,629.3",$3.1,64,,AFN 200,پرداخت کرای تکسی انجنیران بخاطر جنراتور به پروژه للندر 4,16-Dec-25,12,
"$1,702.1",$72.8,64,,"AFN 4,662",خریداری تیل دیزل   به للندر 4,16-Dec-25,13,
"$1,708.9",$6.7,65.24,,AFN 440,"خریداری دسته بیل, متر, پایپ  به للندر 4",16-Dec-25,14,
"$1,760.5",$51.6,64,,"AFN 3,300",خریداری سیم جستی دو بندل به للندر 4,16-Dec-25,15,
"$1,786.2",$25.8,64,,"AFN 1,650",خریداری سیم جستی یک بندل به للندر 4,16-Dec-25,16,
"$1,789.5",$3.3,64,,AFN 210,خریداری پلاستیک به للندر 4,16-Dec-25,17,
"$1,792.0",$2.5,64,,AFN 160,خریداری پلاستیک 4 متره به للندر 4,16-Dec-25,18,
"$1,794.4",$2.3,64,,AFN 150,خریداری دو عرر ماله به للندر 4,16-Dec-25,19,
"$1,816.2",$21.9,64,,"AFN 1,400","خریداری قیته 150 متره, رجه, قلم به للندر 4",16-Dec-25,20,
"$2,816.2","$1,000.0",66.2,,"AFN 66,200",پرداخت برای گلبدین بابت سیم تابی فوندیشن تعمیر للندر 4,17-Dec-25,21,
"$2,828.4",$12.2,64,,AFN 780,"خریداری فاز, قلف به للندر 4",17-Dec-25,22,
"$2,941.7",$113.3,66.2,,"AFN 7,500",پرداخت برای محمد نسیم کرن کار  بابت پایین نمودت پایل های تعمیر للندر 4,18-Dec-25,23,
"$2,943.3",$1.6,64,,AFN 100,خریداری گاز به للندر 4,18-Dec-25,24,
"$2,974.5",$31.3,64,,"AFN 2,000",خریداری تیل دیزل بابت پروژه للندر 4,18-Dec-25,25,
"$2,976.9",$2.3,64,,AFN 150,خریداری چوال برای گل کار بابت پروژه للندر 4,18-Dec-25,26,
"$2,979.7",$2.8,64,,AFN 180,خریداری گاز به للندر 4,18-Dec-25,27,
"$2,984.4",$4.7,64,,AFN 300,پرداخت کرای تکسی  به پروژه للندر 4,18-Dec-25,28,
"$3,026.6",$42.3,66.27,,"AFN 2,800",خریداری تیل پطرول 92 به للندر 4,19-Dec-25,29,
"$3,034.2",$7.5,66.27,,AFN 500,"خریداری گاز و وال گاز, کرایه موتر به للندر 4",20-Dec-25,30,
"$3,124.7",$90.5,66.3,,"AFN 6,000",پرداخت اجرت سه نفر کارگر بابت کانکریت ریزی فوندیشن تعمیر للندر 4 فی نفر از قرار 2000 افغانی ,21-Dec-25,31,
"$3,142.8",$18.1,66.27,,"AFN 1,200",خریداری آرمیچر  به للندر 4,21-Dec-25,32,
"$3,174.3",$31.5,66.27,,"AFN 2,090","خریداری پلاستیگ, دستکش, گیر مال و گروپ به للندر 4",21-Dec-25,33,
"$3,179.3",$5.0,66.27,,AFN 330,خریداری پطرول سوپر بابت للندر 4,21-Dec-25,34,
"$3,194.4",$15.1,66.27,,"AFN 1,000",خریداری تیل دیزل بابت للندر 4,21-Dec-25,35,
"$3,202.7",$8.3,66.27,,AFN 550,"خریداری قفل, بوره, چاکلیت که 470 رسید و 80 افغانی باقی  بابت للندر 4",21-Dec-25,36,
"$3,207.8",$5.1,66.27,,AFN 340,خریداری تیل پطرول بابت للندر 4,21-Dec-25,37,
"$3,220.6",$12.8,66.27,,AFN 850,خریداری 3 کواتر رنگ روغنی و دو عدد برش رول بابت للندر 4,21-Dec-25,38,
"$3,278.0",$57.3,66.27,,"AFN 3,800",خریداری چسپ وبراتور جنرال و چسپ وبراتور رنجر ساده بابت للندر 4,21-Dec-25,39,
"$3,418.4",$140.5,66,,"AFN 9,270",خریداری بخاری 2 پایه برای انجنیر بهروزبابت تعمیر للندر 4,22-Dec-25,41,
"$3,468.4",$50.0,66,,"AFN 3,300",خریداری 2 بندل سیم جستی  به للندر 4,22-Dec-25,42,
"$3,498.7",$30.3,66,,"AFN 2,000",خریداری تیل دیزل بابت پروژه للندر 4,22-Dec-25,43,
"$3,546.8",$48.0,66,,"AFN 3,170","خریداری پروجکتور, لین, هولدر, گروپ, رنکش بابت پروژه للندر 4",22-Dec-25,44,
"$3,561.9",$15.2,66,,"AFN 1,000",خریداری چهار کوارتر روغن بابت پروژه للندر 4,22-Dec-25,45,
"$3,569.5",$7.6,66,,AFN 500,خریداری تیل دیزل بابت پروژه للندر 4,22-Dec-25,46,
"$3,582.3",$12.8,65.5,,AFN 840,"خریداری دو درجن گیلاس, دستر خوان, جاروی مزاری  پروژه للندر 4",22-Dec-25,47,
"$3,597.6",$15.3,65.5,,"AFN 1,000",خریداری تیل پطرول بابت للندر 4,23-Dec-25,48,
"$3,602.9",$5.3,65.5,,AFN 350,"خریداری سرش, بکس وانه, دسته بکس وانه پروژه للندر 4",23-Dec-25,49,
"$3,626.4",$23.5,65.5,,"AFN 1,540", به تعداد 148 پرنت و دو دانه پوش بابت پروژه للندر 4,23-Dec-25,50,
"$3,664.6",$38.2,65.5,,"AFN 2,500", خریداری تیل دیزل بابت پروژه للندر 4,23-Dec-25,51,
"$3,697.8",$33.2,66.2,,"AFN 2,200",پرداخت برای مصارف غذای کاریگران بابت کانکریت ریزی فوندیشن تعمیر للندر 4,23-Dec-25,52,
"$5,735.8","$2,038.0",66.3,,"AFN 135,120",پرداخت و تصفیه حساب مکمل حکیم خان بابت حفاری پایل های  تعمیر للندر 4 توسط مجیب الرحمن برادرش,23-Dec-25,54,
"$5,887.4",$151.5,66,,"AFN 10,000",پرداخت معاش محمد نوید ماه قوس 1404 ,22-Dec-25,55,
"$5,892.7",$5.3,66,,AFN 350,"خریداری بکس وانه به سایز های 19,17 ",22-Dec-25,56,
"$5,895.4",$2.7,65.5,,AFN 180,خریداری فیس وپرزه گاز بابت پروژه للندر 4,23-Dec-25,57,
"$5,922.1",$26.7,66,,"AFN 1,760","خریداری سرش, پلایوت, میردیت بابت پروژه للندر 4",22-Dec-25,59,
"$6,020.5",$98.4,66.05,,"AFN 6,500",پرداخت برای هارون ولد فیض محمد مربوط للندر 4,24-Dec-25,60,
"$6,129.7",$109.2,66.05,,"AFN 7,211",پرداخت برای شریف الله ولد فیض محمد مربوط للندر 4,24-Dec-25,61,
"$8,893.7","$2,764.0",66.1,,"AFN 182,700","پرداخت شرکت مواد ساختمانی (شیر باز بابت خریداری سنگ بولدر ,جغل بادامی و ریگ شسته به تعمیر للندر 4",24-Dec-25,62,
"$9,346.0",$452.4,66.315,,"AFN 30,000",پرداخت قسط اول کانکریت ریزی فوندیشن تعمیر للندر 4,24-Dec-25,63,
"$9,406.3",$60.2,66.44,,"AFN 4,000",پرداخت برای محمد اکرام ولد عبدل محمود  مربوط للندر 4,24-Dec-25,64,
"$9,481.4",$75.1,66.565,,"AFN 5,000",پیش پرداخت برای فرید للندر بابت ماه جدی 1404,24-Dec-25,65,
"$12,215.8","$2,734.4",66.815,,"AFN 182,700",پرداخت برای شرکت مواد ساختمانی سلیمان داود زی بابت خریداری کرش بادانی و ریگ شسته به کانکریت ریزی پایل های اساسی تعمیر للندر 6,24-Dec-25,67,
"$12,290.5",$74.7,66.27,,"AFN 4,950",خریداری سیم جستی سه بندل به للندر 4,25-Dec-25,69,
"$12,447.0",$156.6,67.065,,"AFN 10,500",پرداخت برای حاجی شریف بابت خریداری پروفیل  30/60  2ملی به تعمیر للندر 4,25-Dec-25,70,
"$12,450.7",$3.6,66.2,,AFN 240,خریداری گاز به للندر 4,28-Dec-25,71,
"$12,452.6",$2.0,66.2,,AFN 130,خریداری کنترولر و کلیفت پیپ به للندر 4,28-Dec-25,72,
"$12,482.8",$30.2,66.2,,"AFN 2,000",خریداری تیل دیزل به للندر 4,28-Dec-25,73,
"$12,911.1",$428.2,66.2,,"AFN 28,350","خریداری دو بوجی برنج, 4 پیپ روغن , 2 بوجی لوبیا, 1 بوجی نخود , 1کیلو زیره , 1 کیلو مرچ سرخ, 2 کیلو نمک و غیره به للندر 4",28-Dec-25,74,
"$12,918.6",$7.6,66.2,,AFN 500,خریداری overload برای جنراتور  16 آپشن و کرایه حمل به للندر 4,28-Dec-25,75,
"$12,976.3",$57.7,66.2,,"AFN 3,820",پرداخت برای لوحه تبلیغاتی للندر 4,28-Dec-25,76,
"$13,478.5",$502.1,66.2,,"AFN 33,240",پرداخت برای گلبدین بابت سیم تابی تعمیر للندر 4,28-Dec-25,77,
"$13,507.7",$29.2,66.2,,"AFN 1,935",پرداخت برای خبازی عبدالمطلب بابت خریداری نان خشک به تعمیر للندر 4 بابت ماه قوس 1404,28-Dec-25,78,
"$13,523.0",$15.3,65.5,,"AFN 1,000",خریداری پطرول بابت پروزه للندر 4,30-Dec-25,79,
"$13,530.6",$7.6,65.5,,AFN 500,"خریداری شیر،کیک به کارگران شب کانکریت ریزی چت تعمیر للندر4",30-Dec-25,80,
"$13,585.6",$55.0,65.5,,"AFN 3,600",خریداری پیپ ویبراتور ساده بابت تعمیر للندر4,30-Dec-25,81,
"$14,335.8",$750.3,66.11,,"AFN 49,600",پرداخت برای گلبدین بابت سیم تابی تعمیر للندر 4,31-Dec-25,82,
"$14,434.6",$98.8,65.97,,"AFN 6,520",خریداری سیم جستی 4بندل به للندر4,31-Dec-25,83,
"$14,441.0",$6.4,65.97,,AFN 420,خریداری دستکش 1بسته به للندر 4,31-Dec-25,84,
"$14,539.6",$98.6,66.11,,"AFN 6,520",خریداری سیم جستی بابت تعمیر للندر 4,31-Dec-25,85,
"$14,569.9",$30.2,66.2,,"AFN 2,000",پیش پرداخت برای احمد فرید للندر بابت ماه جدی 1404,1-Jan-26,86,
"$14,751.1",$181.3,66.2,,"AFN 12,000",پرداخت معاش سفی الله ولد رفیع الله بابت ماه قوس 1404 ,1-Jan-26,87,
"$14,781.4",$30.3,66,,"AFN 2,000",پرداخت برای اجرت دو نفر گلکار بابت کانکریت ریزی چت منزل اول تهکوی تعمیر للندر 4,1-Jan-26,88,
"$15,099.6",$318.2,66,,"AFN 21,000",پرداخت معاش مهراج الدین  بابت ماه قوس 1404 ,1-Jan-26,89,
"$15,251.1",$151.5,66,,"AFN 10,000",پرداخت معاش عنایت الله ولد امان الله  بابت ماه قوس 1404 کاریگر تعمیرللندر4,1-Jan-26,90,
"$15,478.4",$227.3,66,,"AFN 15,000",پیش پرداخت برای انجنیر صفی الله ولد حبیب الله بابت ماه قوس 1404,1-Jan-26,91,
"$15,492.0",$13.6,66,,AFN 900,"خریداری یک سیر بوره, نیم کیلو چای سبز و سیاه به للندر 4",1-Jan-26,92,
"$15,537.5",$45.5,66,,"AFN 3,000",خریداری تیل پطرول A-92 به للندر 4,1-Jan-26,93,
"$15,539.0",$1.5,66,,AFN 100,خریداری بوره به للندر 4,1-Jan-26,94,
"$15,616.8",$77.8,66,,"AFN 5,136",خریداری نان خشک بابت ماه قوس 1404 به للندر 4,1-Jan-26,95,
"$15,716.8",$100.0,66,$100.00,AFN 0,پرداخت برای انجنیرن صدور جواز ریاست تخلیفات ساختمانی بابت تعمیر للندر 4,1-Jan-26,96,
"$16,171.4",$454.5,66,,"AFN 30,000",پرداخت برای چکر جلال آباد انجینران ناحیه توسط حاجی به تعمیر للندر 4,2-Jan-26,,
"$16,194.1",$22.7,66,,"AFN 1,500",خریداری تیل دیزل به للندر 4,3-Jan-26,108,
"$16,248.6",$54.5,66,,"AFN 3,600",خریداری غذا از رستورانت بابت مهمان های للندر 4 روزی حسابی ,3-Jan-26,109,
"$16,251.7",$3.0,66,,AFN 200,خریداری گاز به للندر 4,4-Jan-26,110,
"$16,301.1",$49.4,66,,"AFN 3,260",خریداری سیم جستی به للندر 4,4-Jan-26,111,
"$16,314.2",$13.2,66,,AFN 870,"خریداری رنگ os, تینر و رول به للندر 4",4-Jan-26,112,
"$16,327.4",$13.2,66,,AFN 870,"خریداری رنگ os, تینر و رول به للندر 4",4-Jan-26,113,
"$16,328.2",$0.8,66,,AFN 50,خریداری گاز به للندر 4,4-Jan-26,114,
"$16,358.5",$30.3,66,,"AFN 2,000",خریداری تیل دیزل به للندر 4,4-Jan-26,115,
"$16,363.3",$4.8,66,,AFN 320,خریداری مبلاین به للندر 4,4-Jan-26,116,
"$16,365.3",$2.0,66,,AFN 130,"خریداری یک دانه برس, بولت و واشل به للندر 4",4-Jan-26,117,
"$16,390.3",$25.0,66,,"AFN 1,650",خریداری لیدر و اجرت مستری بابت کرولای نقره ای به للندر 4,4-Jan-26,118,
"$16,421.9",$31.6,66,,"AFN 2,083",پرداخت مصرف بل برق تعمیر للندر 4 بابت ماه قوس 1404,4-Jan-26,,
"$16,876.7",$454.8,66,,"AFN 30,016",پرداخت مصرف بل برق دفتر بابت ماه عقرب و قوس 1404,4-Jan-26,,
"$36,876.7","$20,000.0",66,"$20,000.00",,پرداخت برای شرکت کانکریت ریزی افغان پلانت بابت تعمیر للندر 4,4-Jan-26,,
"$36,985.7",$109.1,66,,"AFN 7,200",پرداخت معاش هارون ولد فضل الرحمان بابت ماه قوس 1404,4-Jan-26,,
"$37,137.3",$151.5,66,,"AFN 10,000",پرداخت برای گلبدین بابت سیم تابی تعمیر للندر 4,4-Jan-26,119,
"$37,364.5",$227.3,66,,"AFN 15,000",پرداخت برای محمد علی بابت تخریب دیوار RCC افغان بیستسم بابت للندر 4,5-Jan-26,120,
"$37,372.1",$7.6,66,,AFN 500,پرداخت برای مصارف کارت مبابل فرید للندر صدیق  بابت للندر 4,5-Jan-26,121,
"$37,902.4",$530.3,66,,"AFN 35,000",پرداخت معاش صفی الله صدیقی بابت ماه قوس 1404للندر 4,5-Jan-26,122,
"$37,910.0",$7.6,66,,AFN 500,پرداخت برای کارت مبایل انجنیر صفی الله صدیقی بابت للندر 4,5-Jan-26,123,
"$38,000.9",$90.9,66,,"AFN 6,000",پرداخت اجرت ساعتوار اسکواتور کار بابت سه ساعت به تعمیر بابت للندر 4 به خاطر آماده سازی راه به پمپ کانکریت تعمیر للندر 4,5-Jan-26,124,
"$38,002.1",$1.2,66,,AFN 80,خریداری لابرتیب برق به تعمیر للندر 4,5-Jan-26,,
"$38,135.7",$133.6,66,,"AFN 8,820","خریداری دوسیه سفید, ماشین حساب, قلم ریزی, ورق سفید, پلاستیکع استپلر, پنسل و سوزن استبلر به تعمیر للندر 4",5-Jan-26,,
"$38,181.1",$45.3,66.2,,"AFN 3,000",پیش پرداخت برای احمد فرید للندر بابت ماه جدی 1404,6-Jan-26,125,
"$38,332.1",$151.1,66.2,,"AFN 10,000",پرداخت برای حاجی گل نظری بابت پرداخت به حوزه سوم بابت تعمیر للندر 4,6-Jan-26,126,
"$38,335.9",$3.8,66.1,,AFN 250,خریداری کارت موبایل به معراج,7-Jan-26,127,
"$38,351.0",$15.1,66.1,,"AFN 1,000",پیش پرداخت برای  زین الله ولد محمد ظاهر بابت ماه جدی 1404 تعمیر للندر 4,7-Jan-26,128,
"$39,151.0",$800.0,66.1,,"AFN 52,880",پرداخت برای گلبدین بابت سیم تابی تعمیر للندر 4 ,7-Jan-26,129,
"$39,154.1",$3.0,66.1,,AFN 200,خریداری گازکیت یک سلند و تیل به مرکز سایکل تعمیر للندر 4 ,7-Jan-26,130,
"$39,160.1",$6.1,66.1,,AFN 400,خریداری تیل پطرول به کرولا نقره ایی بابت تعمیر للندر 4 ,7-Jan-26,131,
"$39,170.7",$10.6,66.1,,AFN 700,خریداری صندوق برق به آب بازک  تعمیر للندر 4 ,7-Jan-26,132,
"$39,193.4",$22.7,66.1,,"AFN 1,500",پیش پرداخت برای هارون ولد فیض محمد بابت ماه جدی 1404,7-Jan-26,133,
"$39,238.8",$45.4,66.1,,"AFN 3,000",پیش پرداخت برای معراج بابت ماه جدی 1404,7-Jan-26,134,
"$39,269.1",$30.3,66,,"AFN 2,000",پیش پرداخت برای شریف الله ولد فیض محمد بابت ماه جدی 1404 تعمیر للندر 4,8-Jan-26,135,
"$39,299.4",$30.3,66,,"AFN 2,000",خریداری تیل به موتری کرولا به للندر 4,8-Jan-26,,
"$39,302.4",$3.0,66,,AFN 200,خریداری توش یک قوطی به تعمیر للندر 4,8-Jan-26,136,
"$39,332.7",$30.3,66,,"AFN 2,000",پرداخت برای تبدیل مبلاین کرولای نقره به تعمیر للندر 4,8-Jan-26,137,
"$39,499.4",$166.7,66,,"AFN 11,000",پرداخت برای کارمندان ناحیه سوم شهر کابل توسط حاجی گل نظربابت تعمیر للندر 4,8-Jan-26,138,
"$39,650.4",$151.1,66.2,,"AFN 10,000",پیش پرداخت برای معراج الدین بابت ماه جدی 1404 تعمیر للندر 4,11-Jan-26,139,
"$44,650.4","$5,000.0",66.2,"$5,000.00",,پرداخت برای شرکت کانکریت افغان پلانت بابت کانکریت ریزی پایل های اساسی  تعمیر للندر 4,11-Jan-26,140,
"$44,672.3",$21.9,66.2,,"AFN 1,450",خریداری سیم جستی 1/2 ملی بندل به تعمیر للندر 4,11-Jan-26,,
"$44,674.5",$2.1,66,,AFN 140,خریداری گاز به للندر 4,12-Jan-26,141,
"$44,679.3",$4.8,66.19,,AFN 320,خریداری گاز به للندر 4,12-Jan-26,143,
"$44,684.6",$5.3,66.19,,AFN 350,خریداری تیل پطرول  به تعیر للندر 4 ,12-Jan-26,144,
"$44,705.7",$21.1,66.2,,"AFN 1,400",پردخت اجرت دو گلکار بابت کانکریت ریزی چت دوم تهکوی تعمیر للندر 4,12-Jan-26,145,
"$44,735.9",$30.2,66.2,,"AFN 2,000",پیش  پرداخت برای احمد فرید للندر بابت ماه جدی 1404,12-Jan-26,146,
"$44,741.7",$5.7,66.19,,AFN 380,خریداری دو خوراک کباب تکه برای انجنیران ساحه للندر 4 به خاطری کانکریت ریزی پایه های للندر4 به تعمیر للندر 4,12-Jan-26,147,
"$44,750.7",$9.1,66.22,,AFN 600,"خریداری مواد خوراکه به دفتر ساختمان از قبیل بادنجان سیاه, زنجفیل ,سیر, رومی و گشنیز و چکه به تعمیر للندر 4",13-Jan-26,148,
"$44,753.2",$2.4,66.2,,AFN 160,خریداری رومی و تخم مرغ به تعمیر للندر 4,13-Jan-26,149,
"$49,753.2","$5,000.0",66.2,"$5,000.00",AFN 0,پردخت برای شرکت کانکریت ریزی افغان پلانت بابت تعمیر للندر 4,13-Jan-26,150,
"$51,753.2","$2,000.0",66.2,,"AFN 132,400",پردخت برای گلبدین  بابت سیم تابی تعمیر للندر 4,13-Jan-26,151,
"$51,833.2",$80.0,66.2,,"AFN 5,296",پردخت برای محمد تمیم بابت نصب و تهیه دروازه PVC تعمیر للندر 4 مبلغ 80$ دالر امریکایی معادل افغانی ,13-Jan-26,152,
"$51,878.5",$45.3,66.2,,"AFN 3,000",پیش  پرداخت برای احمد فرید للندر بابت ماه جدی 1404,14-Jan-26,153,
"$51,879.8",$1.4,66.22,,AFN 90,خریداری رومی به تعیر للندر 4 ,14-Jan-26,154,
"$51,894.9",$15.1,66.22,,"AFN 1,000",خریداری تیل دیزل  به تعیر للندر 4 ,14-Jan-26,155,
"$51,925.1",$30.2,66.22,,"AFN 2,000",خریداری تیل دیزل  به تعیر للندر 4 ,14-Jan-26,156,
"$52,151.7",$226.5,66.22,,"AFN 15,000",خریداری مواد زد یخ از شرکت ایزومات به تعیر للندر 4 ,14-Jan-26,,
"$52,176.7",$25.1,66.22,,"AFN 1,660","خریداری ترکاری, جواری,سمارق,نخود,نخود,تخم مرغ, میخ  و مرغ به دفتر تعیر للندر 4 ",15-Jan-26,157,
"$52,178.7",$2.0,66.22,,AFN 130,خریداری رومی و قیماق به تعیر للندر 4 ,15-Jan-26,158,
"$52,304.5",$125.8,66.22,,"AFN 8,333",پرداخت معاش صلاودین ولد اکرامدین بابت ماه جدی سال 1404,15-Jan-26,159,
"$52,319.6",$15.1,66.2,,"AFN 1,000",پیش  پرداخت برای هارون ولد فیض الله بابت ماه جدی 1404,15-Jan-26,160,
"$52,419.6",$100.0,66.3,$100.00,AFN 0,پرداخت برای انجنیر عبدالقدیر  بابت دیزاین نما بیرونی للندر 4 ,15-Jan-26,161,
"$52,424.5",$4.8,66.22,,AFN 320,"خریداری رومی, گشنیز, زنجفیل,سیر,سفید کننده به تعیر للندر 4 ",15-Jan-26,162,
"$52,439.6",$15.1,66.22,,"AFN 1,000",خریداری گاز به دفتر تعیر للندر 4 ,15-Jan-26,163,
"$52,442.7",$3.2,66.22,,AFN 210,"خریداری مواد خوردکه از قبیل بریانی,رومی, مرچ و سیر به دفتر تعیر للندر 4 ",15-Jan-26,164,
"$52,453.3",$10.6,66.22,,AFN 700,خریداری گوشت مرغ به دفتر تعیر للندر 4 ,15-Jan-26,165,
"$52,468.4",$15.1,66.3,,"AFN 1,000",پیش  پرداخت برای شریف الله ولد فیض محمد بابت ماه جدی 1404,15-Jan-26,166,
"$52,482.4",$14.0,66.22,,AFN 930,خریداری چاکلیت به دفتر تعیر للندر 4 ,15-Jan-26,167,
"$52,537.7",$55.3,66.22,,"AFN 3,660",خریداری سیم جستی و غرغر به تعیر للندر 4 ,17-Jan-26,168,
"$52,552.7",$15.0,66.5,,"AFN 1,000",پیش  پرداخت برای عبدالمتین ولد نیک محمد کاریگر تعمیر للندر 4 بابت ماه جدی 1404,17-Jan-26,169,
"$52,578.4",$25.7,66.22,,"AFN 1,700",خریداری سیم اصلی  به تعیر للندر 4 ,17-Jan-26,170,
"$52,585.2",$6.8,66.22,,AFN 450,خریداری دستکش  به تعیر للندر 4 ,17-Jan-26,171,
"$52,638.1",$52.9,66.22,,"AFN 3,500",خریداری سیم چستی  به تعیر للندر 4 ,17-Jan-26,172,
"$52,644.9",$6.8,66.22,,AFN 450,خریداری دستکش  به تعیر للندر 4 ,17-Jan-26,173,
"$52,656.0",$11.2,66.22,,AFN 740,"خریداری پل برمه,برس و سودن  به تعیر للندر 4 ",17-Jan-26,174,
"$52,657.5",$1.5,66.22,,AFN 100,"خریداری رومی, گشنیز  به تعیر للندر 4 ",17-Jan-26,175,
"$52,690.8",$33.2,66.22,,"AFN 2,200",پرداخت فیس انترنیت دفتر جنوری 2026 الی 16 فبروری 2026 همرای کرای موتر,17-Jan-26,177,
"$52,713.4",$22.7,66.22,,"AFN 1,500",خریداری تیل دیزل به تعیر للندر 4 ,17-Jan-26,178,
"$52,731.5",$18.1,66.22,,"AFN 1,200",خریداری پیتزا به تعیر للندر 4 ,17-Jan-26,179,
"$52,773.8",$42.3,66.2,,"AFN 2,800",خریداری تیل پطرول به تعیر للندر 4 ,17-Jan-26,180,
"$52,780.5",$6.6,66.22,,AFN 440,خریداری پل برمه به تعیر للندر 4 ,17-Jan-26,181,
"$52,806.2",$25.7,66.22,,"AFN 1,700",خریداری سیم چستی  به تعیر للندر 4 ,17-Jan-26,182,
"$52,809.8",$3.6,66.22,,AFN 240,خریداری گاز به تعیر للندر 4 ,17-Jan-26,183.4166667,
"$52,814.9",$5.1,66.22,,AFN 340,خریداری کتابچه به تعیر للندر 4 ,17-Jan-26,184.5666667,
"$52,830.6",$15.7,66.22,,"AFN 1,040","خریداری دبل,وارگیر,سیلک برق به تعیر للندر 4 ",17-Jan-26,185.7166667,
"$52,832.1",$1.5,66.22,,AFN 100,خریداری نوشابه به تعیر للندر 4 ,17-Jan-26,186.8666667,
"$52,833.6",$1.5,66.22,,AFN 100,"خریداری رومی, گشنیز به تعیر للندر 4 ",17-Jan-26,188.0166667,
"$52,844.2",$10.6,66.22,,AFN 700,"خریداری سه ساکته, پاور پلک دو خانه یی و برس به تعیر للندر 4 ",17-Jan-26,189.1666667,
"$52,848.7",$4.5,66.22,,AFN 300,خریداری مبلاین به تعیر للندر 4 ,17-Jan-26,190.3166667,
"$52,863.8",$15.1,66.22,,"AFN 1,000",خریداری مبلاین به تعیر للندر 4 ,17-Jan-26,191.4666667,
"$52,875.5",$11.6,66.22,,AFN 770,خریداری دستکش و برس به تعیر للندر 4 ,17-Jan-26,192.6166667,
"$52,882.3",$6.8,66.22,,AFN 450,خریداری دستکش  به تعیر للندر 4 ,17-Jan-26,193.7666667,
"$52,889.8",$7.6,66.22,,AFN 500,خریداری چوری کش ماشین جنراتور و بولد به تعیر للندر 4 ,17-Jan-26,194.9166667,
"$52,891.3",$1.5,66.22,,AFN 100,خریداری تیل پطرول به تعیر للندر 4 ,17-Jan-26,196.0666667,
"$52,906.4",$15.1,66.22,,"AFN 1,000",خریداری تیل دیزل به تعیر للندر 4 ,17-Jan-26,197.2166667,
"$52,911.7",$5.3,66.22,,AFN 350,خریداری سنگ برش به تعیر للندر 4 ,17-Jan-26,198.3666667,
"$53,014.4",$102.7,66.22,,"AFN 6,800",خریداری سیم جستی به تعیر للندر 4 ,17-Jan-26,199.5166667,
"$53,015.0",$0.6,66.22,,AFN 40,خریداری صافی موتر به تعیر للندر 4 ,17-Jan-26,200.6666667,
"$53,046.7",$31.7,66.22,,"AFN 2,100",خریداری پرزه جات جنراتور به تعیر للندر 4 ,17-Jan-26,201.8166667,
"$53,048.2",$1.5,66.22,,AFN 100,خریداری تیل پطرول به تعیر للندر 4 ,17-Jan-26,202.9666667,
"$53,049.7",$1.5,66.22,,AFN 100,خریداری چکه به تعیر للندر 4 ,21-Jan-26,204.1166667,
"$53,080.3",$30.5,65.5,,"AFN 2,000",پرداخت معاش احمد فرید للندر بابت ماه جدی سال 1404,21-Jan-26,205.2609195,
"$53,169.9",$89.7,66.2,,"AFN 5,936",پرداخت برای خبازی سمیع الله بابت خریداری نان خشک به تعمیر للندر 4 بابت ماه جدی 1404,24-Jan-26,206.4103448,
"$53,316.0",$146.0,66.2,,"AFN 9,667",پرداخت هارون ولد فیض محمد بابت ماه جدی 1404,24-Jan-26,207.5597701,
"$53,467.0",$151.1,66.2,,"AFN 10,000",پرداخت برای شریف الله ولد فیض محمد بابت ماه جدی1404  مربوط للندر 4,24-Jan-26,208.7091954,
"$53,560.2",$93.2,66.2,,"AFN 6,167",پرداخت معاش هارون ولد فضل احمد بابت ماه جدی 1404,24-Jan-26,,
"$53,613.1",$52.9,66.2,,"AFN 3,500",پیش پرداخت هارون ولد فیض محمد بابت ماه دلو 1404,24-Jan-26,,
"$53,616.1",$3.0,66.22,,AFN 200,خریداری گاز به للندر 4,24-Jan-26,209.8586207,
"$53,721.8",$105.7,66.22,,"AFN 7,000",پرداخت زین الله ولد محمد ظاهر بابت ماه جدی 1404 ,25-Jan-26,211.008046,
"$53,767.1",$45.3,66.2,,"AFN 3,000",پیش پرداخت برای احمد فرید للندر بابت ماه جدی 1404,26-Jan-26,212.1574713,
"$53,869.9",$102.8,66.17,,"AFN 6,800",خریداری سیم جستی به للندر 4,26-Jan-26,213.3068966,
"$53,900.1",$30.2,66.17,,"AFN 2,000",خریداری تیل دیزل به للندر 4,26-Jan-26,214.4563218,
"$53,907.6",$7.5,66.3,,AFN 500,خریداری کارت موبایل به انجینیر صفی الله بابت تعمیر للندر 4,26-Jan-26,215.6057471,
"$53,911.6",$3.9,66.17,,AFN 260,خریداری نل بخاری گرد و نیمه به للندر 4,26-Jan-26,216.7551724,
"$53,953.9",$42.3,66.17,,"AFN 2,800","خریداری کچالو,پیاز , کرای راه تکسی و کراچی به للندر 4",26-Jan-26,217.9045977,
"$53,957.8",$3.9,66.17,,AFN 260,خریداری راشپیل به للندر 4,26-Jan-26,219.054023,
"$53,964.1",$6.3,66.17,,AFN 420,خریداری آب گرمی و تابه به للندر 4,26-Jan-26,220.2034483,
"$54,342.2",$378.0,66.13,,"AFN 25,000",پرداخت مهبودالله ولد محب الله بابت ماه جدی 1404,27-Jan-26,221.3528736,
"$54,720.2",$378.0,66.13,,"AFN 25,000",پرداخت مهبودالله ولد محب الله بابت ماه جدی 1404,27-Jan-26,222.5022989,
"$54,871.5",$151.2,66.13,,"AFN 10,000",پرداخت حنایت الله ولد امین الله بابت ماه جدی 1404,27-Jan-26,223.6517241,
"$55,627.5",$756.1,66.13,,"AFN 50,000",پرداخت سیف الله صدیقی ولد حبیب الله بابت ماه جدی 1404,27-Jan-26,224.8011494,
"$57,129.1","$1,501.6",66.13,,"AFN 99,300",پرداخت برای گلبدین بابت سیم تابی تعمیر للندر4,27-Jan-26,225.9505747,
"$57,729.8",$600.6,66.13,,"AFN 39,720",پرداخت برای علی محمد بابت تخریب دیوار RCC افغان بیسیم تعمیر للندر 4,27-Jan-26,227.1,
"$57,911.2",$181.5,66.13,,"AFN 12,000",پرداخت برای سیف الله ولد رفیع الله بابت ماه جدی 1404,27-Jan-26,228.2494253,
"$58,092.7",$181.5,66.13,,"AFN 12,000",پرداخت برای هارون ولد فیض رحمان بابت ماه جدی 1404 مربوط للندر 4,27-Jan-26,229.3988506,
"$58,440.1",$347.4,66.2,,"AFN 23,000",پرداخت برای گلبدین بابت سیم تابی تعمیر للندر 4,28-Jan-26,230.5482759,
"$58,562.7",$122.6,65.25,,"AFN 8,000",پرداخت محراج الدین ولد دادالله بابت جدی 1404,29-Jan-26,231.6977011,
"$58,577.9",$15.2,66,,"AFN 1,000",خریداری تیل پطرول برای موتری کرولای سفید موبوط للندر 4,29-Jan-26,232.8471264,
"$58,594.5",$16.7,66,,"AFN 1,100",خریداری گوشت مرغ و مساله بریانی به آشپز خانه کارته سه تعمیر للندر4,29-Jan-26,233.9965517,
"$58,695.6",$101.0,66,,"AFN 6,667",پرداخت ایزدالله ولد عبدلله بابت ماه جدی 1404,29-Jan-26,235.145977,
"$58,710.8",$15.3,65.4,,"AFN 1,000",پیش پرداخت برای هارون ولد فیض محمد بابت ماه دلو 1404,29-Jan-26,236.2954023,
"$58,739.1",$28.3,65.4,,"AFN 1,850",پرداخت برای حاچی شریف بابت خریداری سیم جستی توسط پسرش فردوس  به تعمیر للندر 4,29-Jan-26,237.4448276,
"$58,769.7",$30.6,65.4,,"AFN 2,000",پیش پرداخت برای شریف ولد فیض محمد بابت ماه دلو 1404,29-Jan-26,238.5942529,
"$59,349.3",$579.5,66.5,,"AFN 38,540","خریداری پانیت اسکیجول 42-80 کیلویی, زانو خم 90 درجه و سه دهن 90 درجه اسکیجول 80 به هواکش های تهکوی تعمیر للندر 4",31-Jan-26,239.7436782,
"$59,619.9",$270.7,66.5,,"AFN 18,000",خریداری کمپل به کاریگران تعمیر للندر 4,31-Jan-26,240.8931034,
"$59,629.0",$9.0,66.5,,AFN 600,خریداری گاز مایح به دفتر,31-Jan-26,242.0425287,
"$59,779.3",$150.4,66.5,,"AFN 10,000",پیش  پرداخت برای احمد فرید للندر سایت سوپروایزر تعمیر للندر 4 بابت ماه دلو 1404,31-Jan-26,243.191954,
"$59,783.8",$4.5,66.5,,AFN 300,خریداری کارت موبایل به احمد فرید للندر,31-Jan-26,244.3413793,
"$67,783.8","$8,000.0",66.5,"$8,000.00",AFN 0,پرداخت و تصفیه حساب شرکت کانکریت ریزی افغان پلانت بابت کانکریت ریزی پایل های اساسی تعمیر للندر 4  و پرداخت برای شرکت کانکریت ریزی بابت قسط اخیر 50% کانکریت ریخته شده فوندیشن تعمیر للندر 4,31-Jan-26,245.4908046,
"$68,783.8","$1,000.0",66.5,,"AFN 66,500",پرداخت برای گلبدین بابت سیم تابی تعمیر للندر 4,31-Jan-26,246.6402299,
"$68,799.1",$15.3,65.5,,"AFN 1,000",پیش  پرداخت برای هارون ولد فیض محمد کاریگر تعمیر للندر 4 بابت ماه دلو 1404,31-Jan-26,247.7896552,
"$68,805.6",$6.5,66.5,,AFN 430,"خریداری رومی, پیاز, بادنجان سیاه و روغن مایح به دفتر",31-Jan-26,248.9390805,
"$68,811.7",$6.1,65.25,,AFN 400,خریداری ذغال داینمو به للندر 4,31-Jan-26,250.0885057,
"$70,161.7","$1,350.0",65.4,"$1,350.00",AFN 0,خریداری  یک سیت مبایل S25 ULTRA که توسط حاجی رفیح الله برای ریس صدور مجوز در سال 2025 بابت امر اعمار تعمیر للندر 4 خریداری گردیده بود شامل راپور مصرف تاریخ هذا گردیده است. ,31-Jan-26,251.237931,
"$70,237.7",$76.0,65.8,,"AFN 5,000",پیش پرداخت برای احمد فرید للندر بابت ماه دلو 1404,31-Jan-26,252.3873563,
"$70,241.5",$3.8,65.25,,AFN 250,خریداری گاز و دو وقت نان روز جمعه چوکی دار در دفتر ساحوی للندر 4   ,1-Feb-26,253.5367816,
"$70,255.9",$14.4,65.25,,AFN 940,خریداری گروپ دستی و رجه کلان به للندر 4,1-Feb-26,254.6862069,
"$70,263.6",$7.6,65.4,,AFN 500,پیش پرداخت برای زین الله ولد محمد ظاهر بابت ماه جدی 1404,2-Feb-26,255.8356322,
"$70,294.2",$30.6,65.4,,"AFN 2,000",پیش پرداخت برای شریف الله ولد فیض محمد بابت ماه جدی 1404 تعمیر للندر 4,2-Feb-26,256.9850575,
"$70,370.6",$76.5,65.4,,"AFN 5,000",پیش پرداخت برای انجنیر صفی الله بابت ماه دلو 1404,2-Feb-26,258.1344828,
"$70,374.3",$3.7,65.39,,AFN 240,خریداری گاز به للندر 4,2-Feb-26,259.283908,
"$70,389.6",$15.3,65.39,,"AFN 1,000",خریداری تیل دیزل برای جنراتور به للندر 4,2-Feb-26,260.4333333,
"$70,435.3",$45.7,65.6,,"AFN 3,000",پیش پرداخت برای هارون ولد فیض محمد  کاریگر تعمیر للندر 4 بابت ماه دلو 1404,3-Feb-26,261.5827586,
"$70,740.2",$304.9,65.6,,"AFN 20,000",پرداخت برای اجرت ساعتوار اسکوار آدم خان بابت خورد کردن دیوار تخریب شده RCC افغان بیسیم به توده های خود و کشیدن سیخ های گول و پاک کاری ساحه بخاطری کانکریت,3-Feb-26,262.7321839,
"$71,735.6",$995.4,65.6,,"AFN 65,300",پرداخت برای گلبدین بابت سیم تابی تعمیر للندر 4 بدست قیام الدین برادرش,3-Feb-26,263.8816092,
"$79,735.6","$8,000.0",65.6,"$8,000.00",,پرداخت برای شرکت کانکریت افغان پلانت بابت کانکریت ریزی  به تعمیر للندر 4,3-Feb-26,265.0310345,
"$79,779.7",$44.0,64.7,,"AFN 2,850",خریداری تیل پطرول به کرولای نقره یی للندر 4,4-Feb-26,266.1804598,
"$79,784.3",$4.6,64.7,,AFN 300,خریداری تیل پطرول به للندر 4,4-Feb-26,267.3298851,
"$79,792.0",$7.7,64.7,,AFN 500,خریداری تیل پطرول برای ویبراتور ها به للندر 4,4-Feb-26,268.4793103,
"$79,822.9",$30.9,64.7,,"AFN 2,000",خریداری تیل دیزل برای جنراتور به للندر 4,4-Feb-26,269.6287356,
"$79,954.5",$131.6,66.5,,"AFN 8,750",پرداخت برای نورالدین بابت قالیکاری رینگ پایل های تحکیماتی تعمیر للندر 4,4-Feb-26,270.7781609,
"$80,338.0",$383.4,65.2,,"AFN 25,000",پرداخت برای محمد علی بابت تخریب دیوار RCC افغان بیستسم بابت للندر 4,4-Feb-26,271.9275862,
"$80,644.7",$306.7,65.2,,"AFN 20,000",پرداخت برای گلبدین بابت سیم تابی تعمیر للندر 4 بدست قیام الدین برادرش,4-Feb-26,273.0770115,
"$80,652.4",$7.7,65.2,,AFN 500,پرداخت برای احمد فرید للندر بابت خریداری کارت مبایل بابت تعمیر للندر 4,4-Feb-26,274.2264368,
"$80,805.7",$153.4,65.2,,"AFN 10,000",پیش پرداخت برای معراج الدین بابت ماه دلو 1404,4-Feb-26,275.3758621,
"$80,828.8",$23.0,65.2,,"AFN 1,500",پرداخت اجرت روز مزد دو نفر گلکار بابت کانکریت ریزی چت منزل سوم تعمیر للندر 4,4-Feb-26,276.5252874,
"$80,840.3",$11.6,64.7,,AFN 750,"خریداری کشپل ویبراتور, اندل پایه جنراتور و سویچ به للندر 4",4-Feb-26,277.6747126,
"$80,841.0",$0.6,64.7,,AFN 40,خریداری راد کشپعل به للندر 4,4-Feb-26,278.8241379,
"$80,945.8",$104.9,64.85,,"AFN 6,800",خریداری سیم جستی به للندر 4,5-Feb-26,279.9735632,
"$80,953.2",$7.4,64.85,,AFN 480,خریداری دستکش و عینک به للندر 4,5-Feb-26,281.1229885,
"$90,953.2","$10,000.0",65.8,"$10,000.00",,پرداخت برای شرکت کانریت ریزی افغان پلانت بابت کاریت ریزی تعمیر للندر 4 توسط جاوید سکندری پرداخت صورت گرفته است,5-Feb-26,282.2724138,
"$90,968.6",$15.3,65.2,,"AFN 1,000",پیش پرداخت برای احمد فرید للندر بابت ماه دلو 1404,5-Feb-26,283.4218391,
"$90,988.6",$20.0,64.85,,"AFN 1,300",خریداری گوشت مرغ و مصاله بریانی به للندر 4,5-Feb-26,284.5712644,
"$91,004.0",$15.4,64.8,,"AFN 1,000",پیش پرداخت برای عبدالمتین ولد نیک محمد کاریگر تعمیر للندر 4 بابت ماه دلو 1404,8-Feb-26,285.7206897,
"$91,034.9",$30.9,64.8,,"AFN 2,000",خریداری جوس و غذا از رستورانت برای انجنیران ناحیه سوم بابت تعمیر للندر 4 توسط انجنیر صفی الله,8-Feb-26,286.8701149,
"$91,059.9",$25.0,64.85,,"AFN 1,620",خریداری گاز به آماده کردن غذا آشپز خانه کارته سه تعمیر للندر 4,8-Feb-26,288.0195402,
"$91,071.6",$11.7,64.85,,AFN 760,"خریداری مواد خوراکی از قبیل رومی, دولمه, ماست,زنجفیل, سیر و قیماق به تعمیر للندر 4",8-Feb-26,289.1689655,
"$91,117.9",$46.3,64.85,,"AFN 3,000",خریداری مواد ضد نم به تعمیر للندر 4,9-Feb-26,290.3183908,
"$91,225.8",$107.9,64.85,,"AFN 7,000",پیش پرداخت برای فرید للندر بابت ماه دلو 1404,9-Feb-26,291.4678161,
"$91,256.6",$30.8,64.85,,"AFN 2,000",پیش پرداخت برای شریف الله ولد فیض محمد بابت ماه حوت 1404,9-Feb-26,,
"$91,272.1",$15.4,64.85,,"AFN 1,000",خریداری گوشت به نان کاریگران تعمیر للندر 4,10-Feb-26,292.6172414,
"$91,277.5",$5.4,64.85,,AFN 350,خریداری تیل پطرول برای وبراتور به تعمیر للندر 4,10-Feb-26,293.7666667,
"$91,308.3",$30.8,64.85,,"AFN 2,000",خریداری تیل دیزل به جنراتور للندر 4,10-Feb-26,,
"$91,318.8",$10.5,64.85,,AFN 680,خریداری گوشت بابت نان کاریگران للندر 4,11-Feb-26,294.916092,
"$91,334.2",$15.4,64.85,,"AFN 1,000",خریداری تیل دیزل به جنراتور للندر 4,11-Feb-26,296.0655172,
"$91,569.3",$235.1,63.8,,"AFN 15,000",مجموع  نصب خوازه طرف شرکت افغان بیسیم بخاطری سولر بابت تعمیر للندر 4                            پرداخت فعلی برای نصیر احمد بابت نصب خوازه طرف شرکت افغان بیسیم,12-Feb-26,298.3643678,
"$171,569.3","$80,000.0",63.8,"$80,000.00",,پرداخت برای نادر دولت زی بابت خریداری سیخ گول به تعمیر للندر 4 توسط صرافی سرای شهزاهد ( خانی گل خیشکی وال),12-Feb-26,299.5137931,
"$201,569.3","$30,000.0",63.8,"$30,000.00",,پرداخت برای شرکت کانکریت ریزی افغان پلانت بابت کانکریت ریزی تعمیر للندر 4 توسط صرافی (خانی گل خیشکیوال ) سرای شهزاده منزل دوم دوکان نمبر 142),12-Feb-26,300.6632184,
"$202,569.3","$1,000.0",63.8,,"AFN 63,800",پرداخت برای گلبدین بابت سیم تابی تعمیر للندر 4,12-Feb-26,301.8126437,
"$202,589.3",$19.9,65.2,,"AFN 1,300",خریداری گوشت مرغ و مصاله بریانی به تعیر للندر 4 ,12-Feb-26,302.962069,
"$202,636.3",$47.0,63.8,,"AFN 3,000",پیش پرداخت برای احمد فرید للندر بابت ماه  دلو 1404 به تعمیر للندر 4,14-Feb-26,304.1114943,
"$202,667.6",$31.3,63.8,,"AFN 2,000",خریداری تیل دیزل برای جنراتور تعیر للندر 4 ,14-Feb-26,305.2609195,
"$202,671.1",$3.4,63.9,,AFN 220,خریداری گاز به تعیر للندر 4 ,15-Feb-26,306.4103448,
"$202,674.0",$3.0,63.9,,AFN 190,خریداری پیچکش به تعیر للندر 4 ,15-Feb-26,307.5597701,
"$202,716.3",$42.3,63.9,,"AFN 2,700",خریداری تیل پطرول برای موتری نقریی به تعیر للندر 4 ,15-Feb-26,308.7091954,
"$202,731.9",$15.6,63.9,,"AFN 1,000",خریداری تیل دیزل برای جنراتور تعیر للندر 4 ,15-Feb-26,309.8586207,
"$202,758.6",$26.6,63.9,,"AFN 1,700",خریداری سیم جستی به تعیر للندر 4 ,15-Feb-26,311.008046,
"$202,768.7",$10.2,63.9,,AFN 650,خریداری دستکش و دبل به تعیر للندر 4 ,15-Feb-26,312.1574713,
"$202,778.9",$10.2,63.9,,AFN 650,خریداری دستکش  به تعیر للندر 4 ,15-Feb-26,313.3068966,
"$202,794.5",$15.6,63.9,,"AFN 1,000",خریداری مبلایل جنراتور  تعیر للندر 4 ,15-Feb-26,314.4563218,
"$202,813.3",$18.8,63.9,,"AFN 1,200",خریداری مبلایل جنراتور  تعیر للندر 4 ,15-Feb-26,315.6057471,
"$202,835.2",$21.9,63.9,,"AFN 1,400","خریداری سیم پیچ کوایل, پوش برمه و تیدیل سویچ برمه 10 میلی به تعمیر للندر 4  ",15-Feb-26,316.7551724,
"$202,971.4",$136.2,63.9,,"AFN 8,700",خریداری سیم چستی و پیپ لیول به تعمیر للندر 4,15-Feb-26,317.9045977,
"$202,979.2",$7.8,63.9,,AFN 500,خریداری جوس به تعمیر للندر 4,15-Feb-26,319.054023,
"$203,002.4",$23.2,63.9,,"AFN 1,480","خریداری پشتم, گازکیت, فیس, سرش و غیره به تعمیر للندر 4 به جنراتور",15-Feb-26,320.2034483,
"$203,262.9",$260.5,62.61,,"AFN 16,312",پرداخت بل برق دفتر للندر 4,16-Feb-26,321.3528736,
"$203,266.1",$3.2,62.61,,AFN 200,خریداری مبلایل به جنراتور تعمیر للندر 4,16-Feb-26,322.5022989,
"$203,280.5",$14.4,62.61,,AFN 900,خریداری گوشت به دفتر تعمیر للندر 4,16-Feb-26,323.6517241,
"$203,360.3",$79.9,62.61,,"AFN 5,000",پیش  پرداخت برای شریف الله ولد فیض محمد بابت ماه دلو 1404,16-Feb-26,324.8011494,
"$203,395.5",$35.1,62.61,,"AFN 2,200",پرداخت فیس انترنت دفتر از تاریخ 16 فیبروری الی 16 مارچ 2026,17-Feb-26,325.9505747,
"$203,427.2",$31.7,63.1,,"AFN 2,000",پیش  پرداخت برای هارون ولد فیض محمد بابت ماه دلو  1404,17-Feb-26,327.1,
"$203,443.0",$15.8,63.15,,"AFN 1,000",پیش  پرداخت برای زین الله ولد محمد ظاهر کاریگر  بابت ماه دلو  1404,17-Feb-26,328.2494253,
"$204,861.0","$1,418.0",63.15,"$1,418.00",AFN 0,پرداخت برای شرکت تولیدی فراز آژمان بابت خریداری کاک سقفی به تعمیر للندر 4,17-Feb-26,329.3988506,
"$205,098.5",$237.5,63.15,,"AFN 15,000",پرداخت برای محمد علی بابت تخریب دیوار RCC افغان تعمیر للندر 4,17-Feb-26,330.5482759,
"$206,097.7",$999.2,63.15,,"AFN 63,100",پرداخت برای گلبدین بابت سیم تاپی تعمیر للندر 4,17-Feb-26,331.6977011,
"$207,329.7","$1,232.0",63,"$1,232.00",,پرداخت برای شرکت افغان پلانت  بابت پول باقیمانده خریداری 640 خریطه سمنت ایرانی به شرکت  افغان پلانت از درک تعمیر للندر 4,18-Feb-26,331.6977011,
"$207,456.7",$127.0,63,,"AFN 8,000","پرداخت برای محمد نور خوازه کر از مجموع اجرت نصب خوازه تهکوی طرف رمپ , بغل شیر وال های طرف هوتل , بغل شیر  وال های داخلی و بیرونی افغان بیسیم و سمت عقب تعمیر للندر 4 ( 75 % آن پرداخت گردید)",19-Feb-26,332.8471264,
"$207,488.5",$31.7,63,,"AFN 2,000",پیش پرداخت برای احمد فرید للندر بابت ماه حوت 1404 توسط انجنیر صفی الله,19-Feb-26,333.9965517,
"$207,520.2",$31.7,63,,"AFN 2,000",پرداخت اجرت دو نفر گلکار بابت کانکریت ریزی چت منزل دوم سکشن B تعمیر للندر 4 فی نفر  از قرار  یک هزار افغانی توسط انجنیر صفی الله,19-Feb-26,335.145977,
"$207,528.1",$7.9,63.07,,AFN 500,پرداخت برای مصارفات کاریگران کانکریت ریزی چت منزل دوم تعمیر للندر 4 بابت چای صبح,19-Feb-26,336.2954023,
"$207,550.3",$22.2,63.07,,"AFN 1,400",خریداری پرزه جات به جنراتور للندر 4,21-Feb-26,,
"$207,551.9",$1.6,63.07,,AFN 100,پرداخت پرزه برای چرخ به تعمیر للندر 4,21-Feb-26,,
"$207,654.6",$102.7,63.3,,"AFN 6,500",پیش پرداخت برای هارون ولد فضل الرحمن بابت ماه دلو 1404,22-Feb-26,337.4448276,
"$207,670.4",$15.8,63.3,,"AFN 1,000",پیش پرداخت برای شریف الله ولد فیض محمد بابت ماه حوت 1404,22-Feb-26,,
"$207,675.2",$4.8,63,,AFN 300,خریداری کارت مبایل برای احمد فرید للندر,23-Feb-26,338.5942529,
"$207,691.0",$15.9,63,,"AFN 1,000",پیش پرداخت برای احمد فرید للندر بابت ماه حوت 1404 تعمیر للندر 4,23-Feb-26,339.7436782,
"$207,722.6",$31.5,63.4,,"AFN 2,000",پرداخت برای قربان کرن کار بابت انتقال جنراتور از گدام کارته سه به تعمیر للندر 4,23-Feb-26,340.8931034,
"$207,746.4",$23.8,63,,"AFN 1,500",خریداری تیل دیزل به جنراتور للندر 4,23-Feb-26,342.0425287,
"$207,754.3",$7.9,63,,AFN 500,خریداری تیل پطرول بابت ویبراتور های تعمیر للندر 4,23-Feb-26,343.191954,
"$207,780.2",$25.9,63,,"AFN 1,630",خریداری 210 بوجی به قیمت 8 افغانی فی دانه به للندر 4,23-Feb-26,344.3413793,
"$207,808.5",$28.3,63.6,,"AFN 1,800",پرداخت برای تداوی شریف الله ولد فیض محمد کاریگر تعمیر للندر 4,24-Feb-26,345.4908046,
"$208,123.0",$314.5,63.6,,"AFN 20,000",پرداخت برای گلبدین بابت سیم تابی تعمیر للندر 4,24-Feb-26,346.6402299,
"$208,130.1",$7.1,63.53,,AFN 450,"خریداری اندل روبین, پیپ تیل, پلک و غیره  به للندر 4",25-Feb-26,347.7896552,
"$208,142.0",$12.0,63.53,,AFN 760,خریداری پرزه جات به ترمیم جنراتور للندر 4 ,25-Feb-26,348.9390805,
"$208,173.5",$31.5,63.53,,"AFN 2,000",خریداری تیل پطرول به موتر کرولای نقره یی مربوط للندر 4 ,25-Feb-26,350.0885057,
"$208,178.5",$5.0,63.53,,AFN 320,خریداری تیل پطرول به ویبراتور  های للندر 4 ,25-Feb-26,351.237931,
"$208,217.8",$39.3,63.6,,"AFN 2,500",پرداخت برای ترمیم جک کمر تعمیر للندر 4,25-Feb-26,352.3873563,
"$209,797.6","$1,579.8",63.3,,"AFN 100,000",پرداخت برای گلبدین بابت سیم تابی تعمیر للندر 4,25-Feb-26,353.5367816,
"$209,884.5",$86.9,63.3,,"AFN 5,500",پرداخت معاش هارون ولد فضل الرحمان بابت ماه دلو سال 1404,25-Feb-26,354.6862069,
"$210,042.5",$158.0,63.3,,"AFN 10,000",پرداخت معاش عنایت الله ولد امان الله بابت ماه دلو سال 1404,25-Feb-26,355.8356322,
"$210,200.5",$158.0,63.3,,"AFN 10,000",پرداخت معاش عبدالبصیر  ولد رضا بابت ماه دلو سال 1404,25-Feb-26,356.9850575,
"$210,213.1",$12.6,63.3,,AFN 800,پرداخت معاش علی احمد  ولد محمد باقر بابت ماه دلو سال 1404,25-Feb-26,358.1344828,
"$210,339.5",$126.4,63.3,,"AFN 8,000",پرداخت معاش عبدالمتین  ولد نیک محمد بابت ماه دلو سال 1404,25-Feb-26,359.283908,
"$210,363.2",$23.7,63.3,,"AFN 1,500",پرداخت معاش هارون ول فضل محمد بابت ماه دلو سال 1404,25-Feb-26,360.4333333,
"$210,369.5",$6.3,63.3,,AFN 400,خریداری بوری به تعمیر للندر 4,25-Feb-26,361.5827586,
"$210,457.6",$88.1,63.3,,"AFN 5,576",پرداخت برای خبازی سمیح الله بابت خریداری نان خشک به تعمیر للندر 4 بابت ماه دلو 1404,25-Feb-26,362.7321839,
"$210,489.2",$31.6,63.3,,"AFN 2,000",پرداخت برای قربان کرن کار بابت انتقال کانتینر از تعمیر للندر 5 به تعمیر للندر 4,25-Feb-26,363.8816092,
"$210,505.0",$15.8,63.3,,"AFN 1,000",پرداخت برای شریف الله ولد فیض محمد بابت ماه دلو 1404,26-Feb-26,365.0310345,
"$210,647.2",$142.2,63.3,,"AFN 9,000",پرداخت ماش زین الله ولد محمد زاهر بابت ماه دلو 1404,26-Feb-26,366.1804598,
"$210,713.5",$66.4,63.3,,"AFN 4,200",خریداری پمپ ویبراتور به تعمیر للندر 4,26-Feb-26,367.3298851,
"$210,729.3",$15.8,63.3,,"AFN 1,000",خردیداری تیل پطرول برای موتری نقریی به تعمیر للندر 4,26-Feb-26,368.4793103,
"$210,918.9",$189.6,63.3,,"AFN 12,000",پرداخت ماش صفی الله ولد رفیع الله بابت ماه دلو 1404,26-Feb-26,369.6287356,
"$210,934.7",$15.8,63.3,,"AFN 1,000",خریداری تیل دیزل برای جنراتور به تعمیر للندر 4,26-Feb-26,370.7781609,
"$211,645.6",$710.9,63.3,,"AFN 45,000",پرداخت ماش صفی الله صدیقی ولد حبیب الله بابت ماه دلو 1404,26-Feb-26,371.9275862,
"$211,803.6",$158.0,63.3,,"AFN 10,000",پرداخت ماش معراج الدین ولد داد الله بابت ماه دلو 1404 ,26-Feb-26,373.0770115,
"$211,835.2",$31.6,63.21,,"AFN 2,000",پرداخت اجرت دو نفر  گلکار بابت کانکریت ریزی چت منزل سوم سکشن B تعمیر للندر 4 ,1-Mar-26,367.3298851,
"$211,841.5",$6.3,63.21,,AFN 400,خریداری مبلایل برای ویبراتور به تعمیر للندر 4,1-Mar-26,368.4793103,
"$211,860.8",$19.3,63.21,,"AFN 1,220",خریداری مبلایل و یک دانه تارکش فال برای جنراتور به تعمیر للندر 4,1-Mar-26,369.6287356,
"$211,865.6",$4.7,63.21,,AFN 300,خریداری تیل پطرول برای ویبراتور های للندر 4,1-Mar-26,370.7781609,
"$211,866.7",$1.1,63.21,,AFN 70,خریداری نمک به للندر 4,1-Mar-26,371.9275862,
"$211,898.3",$31.6,63.21,,"AFN 2,000",خریداری تیل پطرول به موتر کرولای نقره یی و تیل دیزل به جنراتور للندر 4 ,1-Mar-26,373.0770115,
"$211,922.1",$23.7,63.21,,"AFN 1,500",خریداری تیل دیزل به جنراتور للندر 4 ,1-Mar-26,374.2264368,
"$211,953.7",$31.6,63.21,,"AFN 2,000",خریداری تیل دیزل به جنراتور للندر 4,1-Mar-26,375.3758621,
"$211,969.2",$15.5,66,,"AFN 1,020",خریدرای گاز به للندر 4 ,2-Mar-26,375.3758621,
"$212,000.0",$30.8,64.85,,"AFN 2,000",پیش پرداخت برای شریف الله ولد فیض محمد کاریگر تعمیر للندر 4 بابت ماه حوت 1404,3-Mar-26,376.5252874,
"$212,007.7",$7.7,64.85,,AFN 500,پرداخت برای تداوی دست هارون ولد فیض محمد کاریگر تعمیر للندر 4,3-Mar-26,377.6747126,
"$212,053.9",$46.2,64.95,,"AFN 3,000",پرداخت ماش احمد فرید للندر بابت ماه دلو 1404,4-Mar-26,378.8241379,
"$212,284.8",$230.9,64.95,,"AFN 15,000",پرداخت برای گلبدین بابت سیم تابی تعمیر للندر 4 بدست قیام الدین ,4-Mar-26,379.9735632,
"$212,348.6",$63.7,64.95,,"AFN 4,138",پرداخت ماش هارون ولد فیض محمد بابت ماه حوت 1404,4-Mar-26,381.1229885,
"$218,193.6","$5,845.0",64.95,"$5,845.00",,پرداخت برای شرکت افغان پلانت بابت خریداری 35 تن سمنت ازبکی فی تن 167$ دالر امریکایی و اجرا آن برای سمنت فروش توسط چک نمبر 2369,4-Mar-26,,
"$218,238.2",$44.6,64.95,,"AFN 2,900",خریداری تیل پطرول برای موتری نقری به تعمیر للندر 4,5-Mar-26,382.2724138,
"$218,248.2",$10.0,64.95,,AFN 650,خریداری سرکلوشن به تعمیر للندر 4,5-Mar-26,383.4218391,
"$218,251.3",$3.1,64.95,,AFN 200,خریداری قیماق و مربا به تعمیر للندر 4,5-Mar-26,,
"$218,279.0",$27.7,64.95,,"AFN 1,800",خریداری تیل پطرول به ویبراتور ها و تیل دیزل به جنراتور تعمیر للندر 4,5-Mar-26,384.5712644,
"$218,283.6",$4.6,64.95,,AFN 300,خریداری پیچ بکسوانه همراه با کرایه انتقال به تعمیر للندر 4,5-Mar-26,385.7206897,
"$218,315.0",$31.4,63.7,,"AFN 2,000",برداشت احمد فرید للندر بابت ماه حوت 1404,8-Mar-26,386.8701149,
"$218,331.0",$16.0,63.7,,"AFN 1,020",پرداخت برای تداوی دست چوکیدار تعمیر للندر 4 توسط انجنیر صاحب صفی الله,8-Mar-26,388.0195402,
"$218,334.2",$3.1,63.7,,AFN 200,خریداری چاکلیت برای تعمیر للندر 4,8-Mar-26,389.1689655,
"$220,836.1","$2,502.0",63.55,,"AFN 159,000",پرداخت برای گلبدین بابت سیم تابی تعمیر للندر 4 ,10-Mar-26,391.4678161,
"$220,883.3",$47.2,63.55,,"AFN 3,000",پیش پرداخت برای زین الله ولد محمد ظاهر بابت ماه حوت 1404,10-Mar-26,392.6172414,
"$220,914.8",$31.5,63.55,,"AFN 2,000",خریداری تیل دیزل به جنراتور تعمیر للندر 4 ,10-Mar-26,393.7666667,
"$222,305.8","$1,391.0",63.55,"$1,391.00",,پرداخت برای شرکت فراز آژمان بابت خریداری کاک سقفی به تعمیر للندر 4 ,10-Mar-26,394.916092,
"$222,309.0",$3.1,63.5,,AFN 200,خردیداری گاز مایع به دفتر ساحوی تعمیر للندر 4,11-Mar-26,396.0655172,
"$222,320.8",$11.8,63.5,,AFN 750,خریداری بکس آب بازک به تعمیر للندر 4,11-Mar-26,397.2149425,
"$222,374.3",$53.5,63.5,,"AFN 3,400",خریداری دو بسته سیم جستی یکنیم میلی به تعمیر للندر 4,11-Mar-26,398.3643678,
"$222,435.0",$60.6,63.5,,"AFN 3,850",خریداری دو بسته سیم جستی و پلاستر دستکش به تعمیر للندر 4,11-Mar-26,399.5137931,
"$222,623.3",$188.3,63.5,,"AFN 11,960",خریداری سیم جستی موزه و عینک به تعمیر للندر 4,11-Mar-26,400.6632184,
"$222,634.0",$10.7,63.5,,AFN 680,"خریداری چراغ , ریسمان و دستکش به تعمیر للندر 4",11-Mar-26,401.8126437,
"$222,823.6",$189.6,63.5,,"AFN 12,040","خریداری سیم جستی , آب ترازو, پل برش , چارجر پروجکتور, گروپ پشمی, دستکش و قلم توش به تعمیر للندر 4",11-Mar-26,402.962069,
"$222,827.6",$3.9,63.5,,AFN 250,خریداری کندک سر به تعمیر للندر 4,11-Mar-26,404.1114943,
"$222,838.6",$11.0,63.5,,AFN 700,"خریداری چکوش, کلام چینی و ربل به تعمیر للندر 4",11-Mar-26,405.2609195,
"$222,845.7",$7.1,63.5,,AFN 450,"خریداری قلف, زلفی و غیره به تعمیر للندر 4",11-Mar-26,406.4103448,
"$222,979.5",$133.9,63.5,,"AFN 8,500",خریداری سیم جستی 5 بندل به تعمیر للندر4 ,11-Mar-26,407.5597701,
"$229,979.5","$7,000.0",63.5,"$7,000.00",,پرداخت برای شرکت افغان پلانت بابت کانکریت ریزی تعمیر للندر 4,11-Mar-26,408.7091954,
"$230,079.5",$100.0,63.6,,"AFN 6,360",پیش پرداخت برای احمد فرید للندر بابت ماه حوت 1404,12-Mar-26,408.7091954,
"$230,110.9",$31.4,63.7,,"AFN 2,000",پرداخت اجرت دو نفر گلکار بابت کانکریت ریزی چت منزل پنجم تعمیر للندر 4 سکشن B,14-Mar-26,409.8586207,
"$230,133.0",$22.0,63.5,,"AFN 1,400",پرداخت اجرت 4 نفر کاریگر بخاطری پرانه و پرکاری بوری های تعمیر للندر4,15-Mar-26,411.008046,
"$230,177.1",$44.1,63.5,,"AFN 2,800",پرداخت اجرت 8 نفر کاریگر بخاطری کانکریت ریزی شیروال های تعمیر للندر 4,15-Mar-26,412.1574713,
"$234,691.2","$4,514.2",63.5,,"AFN 286,650",پرداخت برای گلبدین بابت قالبکاری تعمیر للندر 4,15-Mar-26,413.3068966,
"$234,707.0",$15.7,63.5,,"AFN 1,000",پرداخت برای احمد فرید للندر بابت فعال نمودن انترنت و کارت مبایل بابت تعمیر للندر 4,15-Mar-26,414.4563218,
"$234,718.0",$11.0,63.5,,AFN 700,خریداری تیل دیزل به جنراتور للندر 4,15-Mar-26,415.6057471,
"$234,733.8",$15.7,63.5,,"AFN 1,000",پرداخت برای انجیر صفی الله بابت فعال نمودن انترنت و کارت مبایل بابت تعمیر للندر 4,15-Mar-26,416.7551724,
"$234,798.6",$64.8,63.83,,"AFN 4,138",پرداخت ماش شریف الله ولد فیض محمد بابت ماه حوت 1404 ,16-Mar-26,417.9045977,
"$234,955.2",$156.7,63.83,,"AFN 10,000",پیش پرداخت برای احمد فرید للندر بابت ماه حمل 1405,16-Mar-26,419.054023,
"$235,020.1",$64.8,63.83,,"AFN 4,138",پرداخت ماش هارون ولد فیض رحمان بابت ماه حوت 1404,16-Mar-26,420.2034483,
"$235,024.9",$4.9,63.83,,AFN 310,پرداخت ماش زین الله ولد محمد ظاهر بابت ماه حوت 1404,16-Mar-26,421.3528736,
"$235,165.4",$140.5,63.83,,"AFN 8,966",پرداخت ماش عنایت الله ولد امان الله بابت ماه حوت 1404,16-Mar-26,422.5022989,
"$235,297.6",$132.2,63.83,,"AFN 8,440","خریداری میوه خشک از قبیل بادام, نخود, کشمش, پسته,سیمیان به کارمندان ناحیه بابت للندر4",16-Mar-26,423.6517241,
"$235,313.3",$15.7,63.7,,"AFN 1,000",خریداری تیل پطرول برای موتری نقری به تعمیر للندر4,17-Mar-26,424.8011494,
"$235,321.2",$7.8,63.7,,AFN 500,خریداری تیل پطرول برای ویبراتور ها به تعمیر للندر 4,17-Mar-26,425.9505747,
"$235,329.0",$7.8,63.7,,AFN 500,خریداری تیل دیزل برای جنراتور  به تعمیر للندر 4,17-Mar-26,427.1,
"$235,344.7",$15.7,63.7,,"AFN 1,000",خریداری مبلایل برای جنراتور به تعمیر للندر 4,17-Mar-26,428.2494253,
"$235,388.7",$44.0,63.7,,"AFN 2,800",پرداخت برای ترمیم جک کمر به تعمیر للندر 4,17-Mar-26,429.3988506,
"$235,781.1",$392.5,63.7,,"AFN 25,000",پرداخت معاش معبوب الله بابت ماه دلو 1404 به تعمیر للندر 4,17-Mar-26,430.5482759,
"$235,969.5",$188.4,63.7,,"AFN 12,000",پرداخت معاش صفی الله ولد رفیع الله بابت ماه حوت سال 1404 به تعمیر للندر4,17-Mar-26,431.6977011,
"$236,092.2",$122.7,63.7,,"AFN 7,815",پرداخت پول باقیمانده نصیر احمد خوازه کار بابت تعمیر للندر 4,17-Mar-26,432.8471264,
"$236,186.4",$94.2,63.7,,"AFN 6,000",پرداخت برای گلبدین بابت قالبکاری تعمیر للندر 4 بدست کاریگرش نیک محمد,17-Mar-26,433.9965517,
"$241,186.4","$5,000.0",63.7,"$5,000.00",,پرداخت برای شرکت افغان پلانت بابت کانکریت ریزی تعمیر للندر 4 ( نوت: مبلغ هذا توسط جاوید سکندری پرداخت گردیده است ,17-Mar-26,435.145977,
"$241,516.1",$329.7,63.7,,"AFN 21,000",پرداخت معاش مهراج الدین بابت ماه حوت سال 1404 ,18-Mar-26,436.2954023,
"$242,301.0",$784.9,63.7,,"AFN 50,000",پرداخت معاش صفی الله صدیقی ولد حبیب الله بابت ماه حوت سال 1404 ,18-Mar-26,437.4448276,
"$242,379.5",$78.5,63.7,,"AFN 5,000",پیش پرداخت برای فرید للندر بابت ماه حمل 1405 ,18-Mar-26,438.5942529,
"$243,729.5","$1,350.0",63.7,"$1,350.00",,پرداخت برای مواد ساختمانی فراز آژمان بابت خریداری کاک سقفی به تعمیر للندر 4 ,18-Mar-26,439.7436782,
"$243,732.6",$3.1,64.3,,AFN 200,خریداری فیس اصلی و گازکیت به تعمیر للندر 4 ,24-Mar-26,440.8931034,
"$243,768.4",$35.8,64.3,,"AFN 2,300",خریداری بطری 60 AH ترکی به موتر نقره یی مربوط تعمیر للندر 4 ,24-Mar-26,442.0425287,
"$243,787.8",$19.4,64.3,,"AFN 1,250","خریداری موبلابل, فلتر و دو دانه چراغ به موتر نقره یی مربوط تعمیر للندر 4 ",24-Mar-26,443.191954,
"$243,800.3",$12.4,64.3,,AFN 800,خریداری گیلاس چای خوری و دست پاک به تعمیر للندر 4,25-Mar-26,444.3413793,
"$243,831.4",$31.1,64.3,,"AFN 2,000",خریداری تیل دیزل به جنراتور تعمیر للندر 4,25-Mar-26,445.4908046,
"$243,986.6",$155.3,64.4,,"AFN 10,000",پرداخت برای گلبدین بابت سیم تابی و قالبکاری تعمیر للندر 4 بدست قیام الدین,26-Mar-26,,
"$243,989.7",$3.1,64.4,,AFN 200,خریداری کارت مبایل برای فرید للندر بخاطر رایگان نمودن سیم کارت,26-Mar-26,,
"$244,000.5",$10.7,64.4,,AFN 690,"خریداری مواد خوراکه چای صبح, چاشت و شب چوکیدار للندر 4 در روز های عید سعید الفطر همرا با گاز مایح",28-Mar-26,446.6402299,
"$244,016.0",$15.5,64.4,,"AFN 1,000",خریداری تیل دیزل به جنراتور تعمیر للندر 4,28-Mar-26,447.7896552,
"$244,020.6",$4.7,64.4,,AFN 300,پرداخت بابت کراکی به تعمیر للندر 4,28-Mar-26,448.9390805,
"$244,144.9",$124.2,64.4,,"AFN 8,000",پرداخت برای بشیر کرن کار بابت نصب پایه های سولر شرکت مخابراتی افغان بیسیم تعمیر للندر 4,28-Mar-26,452.3873563,
"$244,175.9",$31.1,64.4,,"AFN 2,000",خریداری تیل دیزل برای جنراتور به تعمیر للندر 4,28-Mar-26,453.5367816,
"$244,191.3",$15.4,65,,"AFN 1,000",خریداری گاز به تعمیر للندر 4,29-Mar-26,454.6862069,
"$244,237.5",$46.2,65,,"AFN 3,000",پیش پرداخت برای شریف الله ولد محمد ظاهر بابت ماه حمل 1404 توسط حاجی ثنا الله,29-Mar-26,455.8356322,
"$245,520.5","$1,283.0",65.15,"$1,283",,پرداخت برای شرکت فراز آژمان بابت خریداری کاک سقفی به تعمیر للندر 4,30-Mar-26,456.9850575,
"$245,535.8",$15.3,65.15,,"AFN 1,000",خریداری کارت مبایل برای انجنیر صفی الله,30-Mar-26,458.1344828,
"$245,542.0",$6.1,65.15,,AFN 400,پرداخت برای کاکا بادام گل بابت انتقال سیخ از دارالامان به تعمیر للندر 4,31-Mar-26,459.283908,
"$246,539.6",$997.7,65.15,,"AFN 65,000",پرداخت برای گلبدین سیم تابی و قالبکاری تعمیر للندر 4,31-Mar-26,460.4333333,
"$246,555.1",15.42495758,64.83,,"AFN 1,000",خریداری تیل پطرول به موتر کرولا نقره ایی به تعمیر للندر 4,1-Apr-26,461.5827586,
"$246,585.9",$30.8,64.83,,"AFN 2,000",خریداری تیل پطرول به موتر کرولا نقره ایی به تعمیر للندر 4,1-Apr-26,462.7321839,
"$246,590.3",$4.4,64.83,,AFN 286,خریداری نت و بولت سفید به تعمیرللندر 5,1-Apr-26,463.8816092,
"$246,604.5",$14.1,64.83,,AFN 916,خریداری نت و بولت و سیخ چوری دار به تعمیر للندر 4,1-Apr-26,465.0310345,
"$246,657.8",$53.3,64.83,,"AFN 3,456",خریداری آهن پلیت 8 میلی 30/30 به تعمیرللندر 4,1-Apr-26,466.1804598,
"$246,673.2",$15.4,64.83,,"AFN 1,000",پرداخت برای مبلایل تبدیلی جنراتور تعمیر للندر 4,1-Apr-26,465.0310345,
"$246,674.7",$1.5,64.83,,AFN 100,خریداری چای سبز به دفتر ساحوی تعمیر للندر 4,1-Apr-26,466.1804598,
"$246,690.2",$15.4,64.83,,"AFN 1,000",پیش پرداخت برای شریف الله ولد محمد ظاهر بابت ماه حمل 1405 ,1-Apr-26,467.3298851,
"$256,690.2","$10,000.0",64.83,"$10,000.00",,پرداخت برای شرکت کانکریت ریزی افغان پلانت بابت تعمیر للندر 4       مبلغ هذا توسط جاوید سکندری پرداخت گردیده است,1-Apr-26,468.4793103,
"$256,705.6",$15.4,64.83,,"AFN 1,000",پرداخت معاش احمد فرید للندر بابت ماه حوت 1404 ,1-Apr-26,469.6287356,
"$256,721.0",$15.4,64.9,,"AFN 1,000",پیش پرداخت برای عبدالمتین ولد نیک محمد بابت ماه حمل 1405,2-Apr-26,470.7781609,
"$256,909.0",$188.0,64.9,,"AFN 12,200",پرداخت برای شرکت هرات الکریت بابت خریداری کیبل 2/4 ملی به تعمیر للندر4,2-Apr-26,471.9275862,
"$257,033.8",$124.8,64.9,,"AFN 8,100","خریداری پیچکش برقی و آب گرمی به تعمیر للندر 4 و خریداری سیم جستی, رجه و فیوز به تعمیر للندر 4",2-Apr-26,473.0770115,
"$257,064.6",$30.8,64.9,,"AFN 2,000",پرداخت اجرت دو نفر گلکار بابت کانکریت ریزی چت منزل هفتم تعمیر للندر 4,2-Apr-26,474.2264368,
"$257,070.2",$5.5,64.9,,AFN 360,خریداری چای به تعمیر للندر 4,2-Apr-26,475.3758621,
"$257,083.1",$12.9,64.9,,AFN 840,"خریداری بوره, گاز و مایع ظرف شویی به تعمیر للندر 4",2-Apr-26,476.5252874,
"$257,111.4",$28.4,64.9,,"AFN 1,840",خریداری تیل پطرول به ویبراتوز ها و تیل دیزل به جنراتور تعمیر للندر 4,2-Apr-26,477.6747126,
"$257,142.3",$30.8,64.9,,"AFN 2,000",خریداری تیل دیزل برای جنراتور به تعمیر للندر 4,4-Apr-26,477.6747126,
"$257,157.7",$15.4,64.9,,"AFN 1,000",خریداری تیل پطرول برای موتری نقره ای به تعمیر للندر 4,4-Apr-26,478.8241379,
"$257,311.5",$153.8,65,,"AFN 10,000",پیش پرداخت برای صفی الله ولد عبدالرفیع چوکیدار تعمیر للندر 4 بابت ماه حمل 1405,5-Apr-26,479.9735632,
"$257,326.9",$15.4,65,,"AFN 1,000",خریداری گاز به آشپز خانه بخاطری پخت غذا به کاریگران تعمیر للندر 4,5-Apr-26,481.1229885,
"$257,780.8",$453.9,64.93,,"AFN 29,470","خریداری روغن, برنج, لوبیا, نخود, زرد چوبه, زیره, مرچ سرخ, سیاه, مصاله, نمک, بوره, ماش, رب, مایع نایاب, چای , کچالو, پیاز همرا با کرای کراچی و رفت و آمد به دفتر",6-Apr-26,483.4218391,
"$257,888.6",$107.8,64.93,,"AFN 7,000",خریداری ویبراتور چینای سفید به تعمیر للندر 4,6-Apr-26,484.5712644,
"$257,911.7",$23.1,64.93,,"AFN 1,500",خریداری تیل پطرول به کرولای نقره یی به تعمیر للندر 4,6-Apr-26,485.7206897,
"$257,927.1",$15.4,64.93,,"AFN 1,000",پرداخت برای هارون ولد فیض محمد بابت ماه حمل 1405 ,6-Apr-26,486.8701149,
"$267,927.1","$10,000.0",64.93,"$10,000.00",,پرداخت برای شرکت کانکریت ریزی افغان پلانت بابت تعمیر للندر 4,6-Apr-26,488.0195402,
"$376,034.1","$108,107.0",64.93,"$108,107",AFN 0,پرداخت برای شرکت کانکریت ریزی افعان پلانت بابت خریداری 1360 خریطه سمنت فروشی حاجی قاسم       به نرخ دالر 10817 دالر امریکایی   و مبلغ هذا توسط جاوید سکندری پرداخت گردیده است,7-Apr-26,,
"$376,832.5",$798.4,64.93,,"AFN 51,840",پرداخت برای گلبدین بابت سیم تابی و قالبکاری تعمیر للندر 4,8-Apr-26,489.1689655,
"$377,144.7",$312.2,64.93,,"AFN 20,270","خریداری قلف و پرده به تعمیر للندر 4, خریداری امبور, دستکش و ربل به تعمیر للندر 4, خریداری یک بندل پرده به تعمیر للندر 4 و خریداری سیم جستی به تعمیر للندر4",9-Apr-26,490.3183908,
"$377,175.5",$30.9,64.8,,"AFN 2,000",خریداری تیل دیزل به جنراتور تعمیر للندر4,14-Apr-26,491.4678161,
"$377,177.8",$2.3,64.8,,AFN 150,خریداری تیل پطرول برای ویبراتور ها به تعمیر للندر4,14-Apr-26,492.6172414,
"$377,208.7",$30.9,64.8,,"AFN 2,000",پیش پرداخت فرید للندر بابت ماه حمل 1405,14-Apr-26,493.7666667,
"$377,224.1",$15.4,64.9,,"AFN 1,000",پیش پرداخت برای عبدالمتین ولد نیک محمد بابت ماه حمل 1405 ,14-Apr-26,494.916092,
"$377,236.4",$12.3,64.9,,AFN 800,پرداخت برای کاکا بادام گل بابت کرای انتقال ریگ از دارالامان به تعمیر للندر 4,14-Apr-26,496.0655172,
"$377,294.2",$57.8,64.9,,"AFN 3,750","پرداخت اجرت دو نفر گلکار بابت کانکریت ریزی چت منزل هفتم تعمیر للندر 4, پرداخت اجرت پنج نفر کاری بابت کاری های ساحوی و ضرورت ساحوی به تعمیرللندر 4",14-Apr-26,497.2149425,
"$378,294.2","$1,000.0",64.9,,"AFN 64,900",پرداخت برای گلبدین بدست قیام الدین بابت سیم تابی و قالبکاری تعمیر للندر4,14-Apr-26,498.3643678,
"$378,309.6",$15.4,64.9,,"AFN 1,000",پیش پرداخت برای فرید للندر ولد علاوالدین بابت ماه حمل 1405,14-Apr-26,499.5137931,
"$378,367.3",$57.6,64.9,,"AFN 3,740",خریداری پلیت 8 میلی 30x30 بابت تعمیر للندر4,14-Apr-26,500.6632184,
"$378,369.9",$2.6,64.9,,AFN 170,"خریداری سامی داخل چوری, رشته و تفلون به تعمیر للندر 4",14-Apr-26,501.8126437,
"$378,397.6",$27.7,64.9,,"AFN 1,800",خریداری تیل پطرول به کرولای نقره یی بابت تعمیر للندر4,14-Apr-26,502.962069,
"$378,428.4",$30.8,64.9,,"AFN 2,000",خریداری تیل دیزل به جنراتور تعمیر للندر 4,14-Apr-26,504.1114943,
"$378,443.8",$15.4,64.9,,"AFN 1,000",خریداری 5 کواتر مبلایل به جنراتور تعمیر للندر 4,14-Apr-26,505.2609195,
"$378,446.2",$2.3,64.9,,AFN 150,خریداری تیل پطرول به ویبراتور های تعمیر للندر 4 ,14-Apr-26,,
"$386,446.2","$8,000.0",64.9,"$8,000.00",,پرداخت برای شرکت کانکریت ریزی افغان پلانت بابت تعمیر للندر 4     پرداخت توسط حاجی عاشق الله و حاجی ثنا الله صورت گرفت,14-Apr-26,506.4103448,
"$386,447.7",$1.5,64.85,,AFN 100,خریداری چلکلیت به تعمیر للندر 4,16-Apr-26,507.5597701,
"$386,487.8",$40.1,64.85,,"AFN 2,600",خریداری یک پیپ ویبراتور کلفدار به تعمیر للندر 4,16-Apr-26,508.7091954,
"$386,522.5",$34.7,64.85,,"AFN 2,250",خریداری تیل دیزل برای ویبراتور ها و تیل پطرول به تعمیر للندر 4,16-Apr-26,509.8586207,
"$386,537.9",$15.4,64.8,,"AFN 1,000",پیش پرداخت برای هارون ولد فیض محمد کاریگر به تعمیر للندر4 بابت ماه حمل 1405,18-Apr-26,511.008046,
"$386,568.8",$30.9,64.81,,"AFN 2,000",خریداری تیل پطرول برای موتری نقره به تعمیر للندر 4,19-Apr-26,512.1574713,
"$386,599.6",$30.8,64.86,,"AFN 2,000",خریداری تیل پطرول برای موتری نقره به تعمیر للندر 4,19-Apr-26,513.3068966,
"$386,716.6",$116.9,64.86,,"AFN 7,585",پرداخت مصرف بل برق تعمیر للندر 4 بابت ماه دلو و حوت 1404,19-Apr-26,514.4563218,
"$386,721.9",$5.4,64.86,,AFN 350,خریداری کارت مبایل برای احمد فرید للندر رایگان نمودن دقایق,19-Apr-26,515.6057471,
"$392,089.8","$5,367.9",64.86,,"AFN 348,160",پرداخت برای سمنت فروشی حاجی قاسم بابت خریداری یک تیلر سمنت ایرانی به شرکت کانکریت ریزی افغان پلانت تعمیر للندر 4  از صرافی خانی گل چک نمبر 2386,19-Apr-26,516.7551724,
"$393,389.8","$1,300.0",64.5,,"AFN 83,850",پرداخت برای گلبدین بابت سیم تابی و قالبکاری تعمیر للندر 4 بدست قیام الدین,21-Apr-26,517.9045977,
"$404,019.8","$10,630.0",64.5,"$10,630.00",,پرداخت برای شرکت کانکریت ریزی افغان پلانت بابت کانکریت ریزی چت منزل هفتم تعمیر للندر 4 بابت خریداری 1160 خریطه ایرانی شاه روت از سمنت فروشی شاه حسین و اجرا آن توسط صرافی  خانی گل توسط چک نمبر 2391,21-Apr-26,519.054023,
"$404,060.7",$40.9,64.5,,"AFN 2,640","خریداری چای ماش, مایع , تیل دیزل به جنراتور, تیل پطرول به ویبراتور های تعمیر للندر 4",22-Apr-26,,
"$404,096.4",$35.7,$64.5,,"AFN 2,300",پرداخت برای فیس انترنیت فایبر نوری بابت ماه ثور سال 1405 به تعمیر للندر 4,23-Apr-26,520.2034483,
"$404,251.4",$155.0,$64.5,,"AFN 10,000",پرداخت برای گلبدین بابت سیم تابی و قالبکاری تعمیر للندر 4 بدست قیامدین ,23-Apr-26,521.3528736,
"$404,422.0",$170.5,$64.5,,"AFN 11,000",پرداخت اجرت روزانه محمد نور خوازه کار بابت 11 روز فی روز از قرار 1000 افغانی در تعمیر للندر 4 ,23-Apr-26,522.5022989,
"$404,437.5",$15.5,$64.5,,"AFN 1,000",پرداخت برای مصارفات کارت مبایل و انترنت انجنیر صفی الله ,23-Apr-26,523.6517241,
"$404,497.2",$59.7,$64.5,,"AFN 3,850","پرداخت اجرت دو نفر گلکار و کاریگربابت کانکریت ریزی چت منزل هشتم تعمیر للندر 4 و پرداخت اجرت سه نفر کاریگر بابت انجام کار های متفرقه از قبیل همکاری با خوازه کار, و جمع آوری سیخ های جک کمر شده تعمیر للندر 4 ",23-Apr-26,524.8011494,
"$404,889.5",$392.3,$64.5,,"AFN 25,305","خریداری موزه, دستکش, پرده, کلفت, سیم, آب ترازو و غیره بابت تعمیر للندر 4",23-Apr-26,525.9505747,
"$405,664.7",$775.2,$64.5,,"AFN 50,000",پرداخت معاش انجنیر صفی الله ولد حبیب الله بابت ماه حمل سال 1404 ,23-Apr-26,527.1,
"$405,941.1",$276.4,$64.5,,"AFN 17,829",پرداخت معاش محبوب الله ولد محب الله بابت ماه حوت سال 1404 ,23-Apr-26,528.2494253,
"$406,306.0",$364.9,$64.5,,"AFN 23,534",پرداخت معاش محبوب الله ولد محب الله بابت ماه حمل سال 1404 ,23-Apr-26,529.3988506,
"$406,310.6",$4.7,$64.5,,AFN 300,خریداری تیل پطرول به ویبراتور های تعمیر للندر 4 ,23-Apr-26,530.5482759,
"$476,310.6","$70,000.0",$64.5,"$70,000.00",,"پرداخت پول باقیمانده شرکت تجارتی حاجی نادر دولت زی بابت خریداری سیخ گول 22 , 10, 20, 12, 12, 14, 10, 18, 20, 20 میلی به تعمیر للندر 4 ",23-Apr-26,531.6977011,
"$476,313.4",$2.7,64.5,,AFN 175,خریدرای کشمش و خلال بابت تعمیر للندر 4 در شب کانکریت ,25-Apr-26,532.8471264,
"$476,318.1",$4.7,64.5,,AFN 305,"خریداری پیاز, کشمش و خلال بابت تعمیر للندر 4 ",25-Apr-26,533.9965517,
"$476,321.3",$3.2,64.5,,AFN 205,خریدرای کشمش پلوی و خلال بابت تعمیر للندر 4 ,25-Apr-26,535.145977,
"$476,339.9",$18.6,64.5,,"AFN 1,200",خریداری گوشت مرغ بابت تعمیر للندر 4 ,25-Apr-26,536.2954023,
"$476,355.4",$15.5,64.5,,"AFN 1,000",خریداری تیل پطرول به موتر کرولای نقره یی بابت تعمیر للندر 4 ,25-Apr-26,537.4448276,
"$476,681.0",$325.6,64.5,,"AFN 21,000",پرداخت معاش مدیر مهراج الدین ولد دادالله بابت ماه حمل سال 1405 ,25-Apr-26,538.5942529,
"$476,686.4",$5.4,64.5,,AFN 350,خریداری تیل پطرول به ویبراتور های تعمیر للندر 4 ,25-Apr-26,539.7436782,
"$476,712.0",$25.6,64.5,,"AFN 1,650",خریداری تیل دیزل به جنراتور تعمیر للندر 4 ,25-Apr-26,540.8931034,
"$476,716.0",$4.0,64.5,,AFN 260,"خریداری مواد خوراکی از قبیل رومی, سیر, مرچ, ماست و مصاله بریانی بابت تعمیر للندر 4",25-Apr-26,542.0425287,
"$476,764.2",$48.2,64.35,,"AFN 3,100",خریداری تیل پطرول به موتر کرولای نقره یی بابت تعمیر للندر 4,26-Apr-26,543.191954,
"$476,898.7",$134.6,64.5,,"AFN 8,680",پرداخت برای خبازی سمیح الله بابت خریداری نان خشک به تعمیر للندر 4 بابت ماه حوت و حمل ,27-Apr-26,545.4908046,
"$477,022.8",$124.0,64.5,,"AFN 8,000",پرداخت معاش عبدالمتین ولد نیک محمد برای ماه حمل سال 1405 بابت للندر 4 ,27-Apr-26,546.6402299,
"$477,255.3",$232.6,64.5,,"AFN 15,000",پیش پرداخت برای احمد فرید للندر بابت ماه ثور 1405,27-Apr-26,547.7896552,
"$477,317.3",$62.0,64.5,,"AFN 4,000",پرداخت پول باقیمانده احمد فرید للندر بابت ماه حمل 1405,27-Apr-26,548.9390805,
"$477,383.6",$66.2,64.3,,"AFN 4,258",پرداخت معاش برای هارون ولد فضل الرحمان بابت ماه حمل سال 1405 ,28-Apr-26,550.0885057,
"$477,539.1",$155.5,64.3,,"AFN 10,000",پرداخت برای گلبدالدین توسط قیان الدین بابت سیم تابی و قالبکاری تعمیر للندر 4 بدست قیام الدین ,28-Apr-26,551.237931,
"$477,579.2",$40.1,64.3,,"AFN 2,581",پرداخت معاش برای محمد صدیق ولد محمد محمد سلیم بابت ماه ثور سال 1405 ,28-Apr-26,552.3873563,
"$477,614.3",$35.1,64.3,,"AFN 2,258",پرداخت معاش برای هارون ولد فیض محمد بابت ماه ثور سال 1405 ,28-Apr-26,553.5367816,
"$477,650.5",$36.1,64.3,,"AFN 2,323",پرداخت معاش برای زین الله ولد محمد ظاهر بابت ماه حمل سال 1405 ,28-Apr-26,554.6862069,
"$477,749.8",$99.3,64.3,,"AFN 6,387",پرداخت معاش هارون ولد فیض محمد بابت ماه حمل سال 1405,28-Apr-26,555.8356322,
"$477,767.9",$18.1,64.3,,"AFN 1,161",پرداخت معاش برای شریف الله ولد فیض محمد بابت ماه حمل سال 1405,29-Apr-26,,
"$477,784.9",$17.1,64.4,,"AFN 1,100",خریداری گاز و پیاز بابت تعمیر للندر 4 ,30-Apr-26,556.9850575,
"$477,787.3",$2.3,64.4,,AFN 150,خریداری چاکلیت بابت تعمیر للندر 4 ,30-Apr-26,558.1344828,
"$478,631.2",$843.9,64.4,,"AFN 54,350","پرداخت برای شرکت هرات الکتریک بابت خریداری سیم جریدار 1.5 میلی, سیم 3/2.5 کیبل کمره و کلمپ 8 میلی و میخ به تعمیر للندر 4 ",30-Apr-26,559.283908,
"$479,611.5",$980.3,64.4,,"AFN 63,133","پرداخت اجرت ساعتوار جکمر نمودن پایل ها, رینگ و تهداب دیوار احاطوی افغان بیسیم سکشن A و همچنان هموار کاری مواد جکمر شده و مواد انتقال شده به ساحه تعمیر للندر 4 ",30-Apr-26,560.4333333,
"$481,552.5","$1,941.0",64.4,,"AFN 125,000",پرداخت برای گلبدین بابت سیم تابی و قالبکاری تعمیر للندر 4 ,30-Apr-26,561.5827586,
"$481,855.0",$302.5,64.4,,"AFN 19,480","پرداخت برای خورده فروشی خوستی بابت خریداری سیم جستی, دستکش و سیخ ولدینگ و پل چرخ به تعمیر للندر 4 ",30-Apr-26,562.7321839,
"$484,627.0","$2,772.0",64.4,"$2,772.00",,پرداخت برای شرکت کاک سقفی فراز آژمان بابت تعمیر للندر 4,30-Apr-26,563.8816092,
"$484,641.2",$14.2,63.6,,AFN 900,خریداری گوشت گوساله بابت تعمیر للندر 4 ,2-May-26,565.0310345,
"$484,644.8",$3.6,63.6,,AFN 230,خریداری تیل پطرول به ویبراتور های تعمیر للندر 4 ,2-May-26,566.1804598,
"$484,676.2",$31.4,63.6,,"AFN 2,000",پیش پرداخت برای احمد فرید للندر بابت ماه ثور 1405,2-May-26,567.3298851,
"$484,684.2",$8.0,63.6,,AFN 510,"خریداری پنیرک, گاز, فیس و گازکیت بابت تعمیر للندر 4 ",3-May-26,568.4793103,
"$484,712.1",$27.8,63.6,,"AFN 1,770",خریداری تیل دیزل به جنراتور تعمیر للندر 4 ,3-May-26,569.6287356,
"$697,285.1","$212,573.0",63.6,"$212,573.00",,پرداخت و تصفیه حساب مکمل سیخ گول شرکت حاجی نادر دولت زی بابت تعمیر للندر 4 ,3-May-26,570.7781609,
"$697,308.7",$23.6,63.6,,"AFN 1,500",خریداری تیل دیزل برای جنراتور تعمیر للندر 4,7-May-26,571.9275862,
"$697,585.4",$276.7,63.6,,"AFN 17,600","پرداخت برای خورده فروشی خوشتی بابت خریداری سیم جستی, دست کش و پرداه به تعمیر للندر 4",7-May-26,573.0770115,
"$698,989.4","$1,404.0",63.6,"$1,404.00",,خریداری برای شرکت مواد ساختمانی فراز آژمان بابت خریداری کاک سقفی به تعمیر للندر 4,7-May-26,574.2264368,
"$698,994.1",$4.7,63.6,,AFN 300,خریداری تیل پطرول به ویبراتور های تعمیر للندر 4,9-May-26,575.3758621,
"$698,996.5",$2.4,63.6,,AFN 150,خریداری مبلایل به جنراتور تعمیر للندر 4,9-May-26,576.5252874,
"$698,998.8",$2.4,63.6,,AFN 150,خریداری گازکیت و فیس به تعمیر للندر 4,9-May-26,577.6747126,
"$699,000.4",$1.6,63.6,,AFN 100,خریداری پمپ به تعمیر للندر 4,10-May-26,578.8241379,
"$699,020.8",$20.4,63.6,,"AFN 1,300","خریداری رنگ, پشتم, گازکیت, فیس و غیره به تعمیر للندر 4",10-May-26,579.9735632,
"$699,044.4",$23.6,63.6,,"AFN 1,500",خریداری تیل دیزل برای جنراتور به تعمیر للندر 4,12-May-26,581.1229885,
"$699,048.4",$3.9,63.6,,AFN 250,خریداری کارت موبایل به تعمیر للندر 4,13-May-26,582.2724138,
"$699,446.4",$398.0,63.6,,"AFN 25,313",پرداخت صفایی زمین تعمیر للندر 4,11-May-26,583.4218391,
"$699,477.8",$31.4,63.6,,"AFN 2,000",پیش پرداخت برای مهراج الدین ولد دادالله بابت ماه ثور سال 1405,11-May-26,584.5712644,
"$700,264.0",$786.2,63.6,,"AFN 50,000",پرداخت برای گلبدین بابت سیم تابی و قالبکاری تعمیر للندر 4,11-May-26,585.7206897,
"$700,267.1",$3.1,63.6,,AFN 200,خریداری عدس و کشمش پلوی بابت تعمیر للندر 4 ,14-May-26,586.8701149,
"$700,282.8",$15.7,63.6,,"AFN 1,000",خریداری گاز بابت تعمیر للندر 4 ,14-May-26,588.0195402,
"$700,289.3",$6.4,63.6,,AFN 410,"خریداری خلال, کشمش, نمک, بریانی بابت تعمیر للندر 4 ",14-May-26,589.1689655,
"$700,303.4",$14.2,63.6,,AFN 900,خریداری گوشت مرغ بابت تعمیر للندر 4 ,14-May-26,590.3183908,
"$700,447.1",$143.6,63.6,,"AFN 9,135",نصب خوازه طرف شرکت افغان بیسیم بخاطر پرده از تاریخ 23 دلو 1404 الی 23 ثور 1405 ,14-May-26,591.4678161,
"$700,478.5",$31.4,63.6,,"AFN 2,000",خریداری تیل به جنراتور تعمیر للندر 4 ,14-May-26,592.6172414,
"$700,734.0",$255.5,63.6,,"AFN 16,250","پرداخت برای خورده فرشی خوست بابت خریداری سیم 1.5 میلی, آبگرمی, سیم جستی به تعمیر للندر 4",14-May-26,593.7666667,
"$702,306.3","$1,572.3",63.6,,"AFN 100,000",پرداخت برای گلبدین بابت سیم تابی و قالبکاری تعمیر للندر 4,14-May-26,594.916092,
"$702,337.8",$31.4,63.6,,"AFN 2,000",پرداخت برای سیف الله ولد رفیح الله  تعمیر للندر 4,14-May-26,596.0655172,
"$702,385.0",$47.2,63.6,,"AFN 3,000",پرذاخت برای انجنیر محمد شریف بابت پایپ کشی هواکش ها از تهکوی به منزل اول سکشن تعمیرللندر 4  B  ,14-May-26,597.2149425,
"$707,385.0","$5,000.0",63.6,"$5,000.00",,پرداخت برای شرکت کانکریت ریزی افغان پلانت برای تعمیر للندر 4,14-May-26,598.3643678,
"$707,485.0",$100.0,63.6,,"AFN 6,360",پیش پرداخت برای محمد سفر ولد محمد باقر بابت ماه ثور 1405,16-May-26,599.5137931,
"$707,524.3",$39.3,63.6,,"AFN 2,500",پیش پرداخت برای فرید للندر بابت ماه ثور 1405,16-May-26,600.6632184,
"$707,568.3",$44.0,63.6,,"AFN 2,800",خریداری تیل پطرول به موتر کرولای نقریی به تعمیر للندر 4 ,16-May-26,601.8126437,
"$707,574.6",$6.3,63.6,,AFN 400,خریداری تیل پطرول به ویبراتور های تعمیر للندر 4 ,16-May-26,602.962069,
"$707,599.7",$25.2,63.6,,"AFN 1,600",خریداری ورق A-85 برای  تعمیر للندر 4 ,16-May-26,604.1114943,
"$707,606.2",$6.4,63.6,,AFN 410,پیش پرداخت برای صفی الله ولد رفیح الله بابت ماه ثور 1405,16-May-26,605.2609195,
"$712,606.2","$5,000.0",63.6,"$5,000.00",,پرداخت برای آغا مهدی و تصفیه حساب مکمل توسط چک نمبر 2425 از صرافی خانی,16-May-26,606.4103448,
"$712,657.6",$51.4,63.6,,"AFN 3,268",پرداخت برق میتر تعمیر للندر 4 بابت ماه حمل 1405,17-May-26,607.5597701,
"$712,846.2",$188.7,63.6,,"AFN 12,000",پیش پرداخت برای مغراج الدین ولد دادالله بابت ماه ثور سال 1405,17-May-26,608.7091954,
"$712,897.6",$51.4,63.6,,"AFN 3,268",خریداری تیل دیزل به جنراتور تعمیر للندر 4 ,18-May-26,609.8586207,
"$712,910.2",$12.6,63.6,,AFN 800,"خریداری فیس, شرش, پیکن و مبلایل به تعمیر للندر 4 ",18-May-26,611.008046,
"$712,950.1",$39.9,63.6,,"AFN 2,540",خریداری مبلایل به جنراتور تعمیر للندر 4 ,18-May-26,612.1574713,
"$712,957.5",$7.4,63.6,,AFN 470,خریداری پرزه جات به جنراتور تعمیر للندر 4 ,18-May-26,613.3068966,
"$716,332.5","$3,375.0",63.6,"$3,375.00",,پرداخت برای شرکت فراز آژمان بابت خریدرای کاک سقفی به تعمیر للندر 4 ,18-May-26,614.4563218,
"$716,356.1",$23.6,63.6,,"AFN 1,500",خریدرای تیل دیزل به جنراتور تعمیر للندر 4 ,19-May-26,615.6057471,
"$716,357.4",$1.3,63.6,,AFN 80,خریدرای دست کش به جنراتور تعمیر للندر 4 ,19-May-26,616.7551724,
"$716,396.7",$39.3,63.6,,"AFN 2,500",خریدرای تیل پطرول به موتر فرونر به تعمیر للندر 4 ,19-May-26,617.9045977,
"$716,412.6",$15.9,63.6,,"AFN 1,010","خریدرای نمک, بریانی, مرغ به تعمیر للندر 4 ",19-May-26,619.054023,
"$716,722.0",$309.4,63.6,,"AFN 19,680",پرداخت برای گلبدین بابت سیم تابی و قالبکاری تعمیر للندر 4 ,19-May-26,620.2034483,
"$716,728.3",$6.3,63.6,,AFN 400,پرداخت برای خریداری کارت مبایل برای احمد فرید للندر,20-May-26,621.3528736,
"$716,736.2",$7.9,63.57,,AFN 500,خریداری بادنجان سیاه و رومی برای تعمیر للندر 4 ,20-May-26,,
"$716,738.0",$1.9,63.57,,AFN 120,خریداری کچالو برای تعمیر للندر 4 ,20-May-26,,
"$716,753.8",$15.7,63.57,,"AFN 1,000",خریداری گاز به آشپزخانه تعمیر للندر 4 ,20-May-26,,
"$716,767.1",$13.4,63.57,,AFN 850,"خریداری مبلایل, واشل و غیره به تعمیر للندر 4 ",20-May-26,,
"$716,797.6",$30.4,63.6,,"AFN 1,935",پرداخت معاش عبدالله متین ولد نیک محمد بابت ماه ثور سال 1405,21-May-26,622.5022989,
"$716,809.4",$11.8,63.6,,AFN 750,خریداری مرغ به تعمیر للندر 4 ,21-May-26,,
"$716,812.5",$3.1,63.6,,AFN 200,"خریداری بریانی, بادنجان رومی, مرچ, سیر و زرد چوبه به تعمیر للندر 4 ",21-May-26,,
"$717,812.5","$1,000.0",63.72,"$1,000.00",,پرداخت برای شرکت کانکریت ریزی افغان پلانت برای تعمیر للندر 4 پرداخت هذا توسط جاوید سکندری صورت گرفته است   گیرنده پول سیرت,23-May-26,623.6517241,
"$722,812.5","$5,000.0",63.72,"$5,000.00",,پرداخت برای شرکت کانکریت ریزی افغان پلانت برای تعمیر للندر 4 پرداخت هذا توسط جاوید سکندری صورت گرفته است   گیرنده پول عبیدالله,23-May-26,624.8011494,
"$722,835.3",$22.8,63.72,,"AFN 1,450",خریداری مبلایل و فلتر به کرولای تقره یی به تعمیر للندر 4,23-May-26,625.9505747,
#DIV/0!,#DIV/0!,,,,,,627.1,
#DIV/0!,#DIV/0!,,,,,,628.2494253,
#DIV/0!,#DIV/0!,,,,,,629.3988506,
#DIV/0!,#DIV/0!,,,,,,630.5482759,
#DIV/0!,#DIV/0!,,,,,,631.6977011,
#DIV/0!,#DIV/0!,,,,,,632.8471264,
#DIV/0!,#DIV/0!,,,,,,633.9965517,
#DIV/0!,#DIV/0!,,,,,,635.145977,
#DIV/0!,#DIV/0!,,,,,,636.2954023,
#DIV/0!,#DIV/0!,,,,,,637.4448276,
#DIV/0!,#DIV/0!,,,,,,638.5942529,
#DIV/0!,#DIV/0!,,,,,,639.7436782,
#DIV/0!,#DIV/0!,,,,,,640.8931034,
#DIV/0!,#DIV/0!,,,,,,642.0425287,
#DIV/0!,#DIV/0!,,,,,,643.191954,
#DIV/0!,#DIV/0!,,,,,,644.3413793,
#DIV/0!,#DIV/0!,,,,,,645.4908046,
#DIV/0!,#DIV/0!,,,,,,646.6402299,
#DIV/0!,#DIV/0!,,,,,,647.7896552,
#DIV/0!,#DIV/0!,,,,,,648.9390805,
#DIV/0!,#DIV/0!,,,,,,650.0885057,
#DIV/0!,#DIV/0!,,,,,,651.237931,
#DIV/0!,#DIV/0!,,,,,,652.3873563,
#DIV/0!,#DIV/0!,,,,,,653.5367816,
#DIV/0!,#DIV/0!,,,,,,654.6862069,
#DIV/0!,#DIV/0!,,,,,,655.8356322,
#DIV/0!,#DIV/0!,,,,,,656.9850575,
#DIV/0!,#DIV/0!,,,,,,658.1344828,
#DIV/0!,#DIV/0!,,,,,,659.283908,
#DIV/0!,#DIV/0!,,,,,,660.4333333,
#DIV/0!,#DIV/0!,,,,,,661.5827586,
#DIV/0!,#DIV/0!,,,,,,662.7321839,
#DIV/0!,#DIV/0!,,,,,,663.8816092,
#DIV/0!,#DIV/0!,,,,,,665.0310345,
#DIV/0!,#DIV/0!,,,,,,666.1804598,
#DIV/0!,#DIV/0!,,,,,,667.3298851,
#DIV/0!,#DIV/0!,,,,,,668.4793103,
#DIV/0!,#DIV/0!,,,,,,669.6287356,
#DIV/0!,#DIV/0!,,,,,,670.7781609,
#DIV/0!,#DIV/0!,,,,,,671.9275862,
#DIV/0!,#DIV/0!,,,,,,673.0770115,
#DIV/0!,#DIV/0!,,,,,,674.2264368,
#DIV/0!,#DIV/0!,,,,,,675.3758621,
#DIV/0!,#DIV/0!,,,,,,676.5252874,
#DIV/0!,#DIV/0!,,,,,,677.6747126,
#DIV/0!,#DIV/0!,,,,,,678.8241379,
#DIV/0!,#DIV/0!,,,,,,679.9735632,
#DIV/0!,#DIV/0!,,,,,,681.1229885,
#DIV/0!,#DIV/0!,,,,,,682.2724138,
#DIV/0!,#DIV/0!,,,,,,683.4218391,
#DIV/0!,#DIV/0!,,,,,,684.5712644,
#DIV/0!,#DIV/0!,,,,,,685.7206897,
#DIV/0!,#DIV/0!,,,,,,686.8701149,
#DIV/0!,#DIV/0!,,,,,,688.0195402,
#DIV/0!,#DIV/0!,,,,,,689.1689655,
#DIV/0!,#DIV/0!,,,,,,690.3183908,
#DIV/0!,#DIV/0!,,,,,,691.4678161,
#DIV/0!,#DIV/0!,,,,,,692.6172414,
#DIV/0!,#DIV/0!,,,,,,693.7666667,
#DIV/0!,#DIV/0!,,,,,,694.916092,
#DIV/0!,#DIV/0!,,,,,,696.0655172,
#DIV/0!,#DIV/0!,,,,,,697.2149425,
#DIV/0!,#DIV/0!,,,,,,698.3643678,
#DIV/0!,#DIV/0!,,,,,,699.5137931,
#DIV/0!,#DIV/0!,,,,,,700.6632184,
#DIV/0!,#DIV/0!,,,,,,701.8126437,
#DIV/0!,#DIV/0!,,,,,,702.962069,
#DIV/0!,#DIV/0!,,,,,,704.1114943,
#DIV/0!,#DIV/0!,,,,,,705.2609195,
#DIV/0!,#DIV/0!,,,,,,706.4103448,
#DIV/0!,#DIV/0!,,,,,,707.5597701,
#DIV/0!,#DIV/0!,,,,,,708.7091954,
#DIV/0!,#DIV/0!,,,,,,709.8586207,
#DIV/0!,#DIV/0!,,,,,,711.008046,
#DIV/0!,#DIV/0!,,,,,,712.1574713,
#DIV/0!,#DIV/0!,,,,,,713.3068966,
#DIV/0!,#DIV/0!,,,,,,714.4563218,
#DIV/0!,#DIV/0!,,,,,,715.6057471,
#DIV/0!,#DIV/0!,,,,,,716.7551724,
#DIV/0!,#DIV/0!,,,,,,717.9045977,
#DIV/0!,#DIV/0!,,,,,,719.054023,
#DIV/0!,#DIV/0!,,,,,,720.2034483,
#DIV/0!,#DIV/0!,,,,,,721.3528736,
#DIV/0!,#DIV/0!,,,,,,722.5022989,
#DIV/0!,#DIV/0!,,,,,,723.6517241,
#DIV/0!,#DIV/0!,,,,,,724.8011494,
#DIV/0!,#DIV/0!,,,,,,725.9505747,
#DIV/0!,#DIV/0!,,,,,,727.1,
#DIV/0!,#DIV/0!,,,,,,728.2494253,
#DIV/0!,#DIV/0!,,,,,,729.3988506,
#DIV/0!,#DIV/0!,,,,,,730.5482759,
#DIV/0!,#DIV/0!,,,,,,731.6977011,
#DIV/0!,#DIV/0!,,,,,,732.8471264,
#DIV/0!,#DIV/0!,,,,,,733.9965517,
#DIV/0!,#DIV/0!,,,,,,735.145977,
#DIV/0!,#DIV/0!,,,,,,736.2954023,
#DIV/0!,#DIV/0!,,,,,,737.4448276,
#DIV/0!,#DIV/0!,,,,,,738.5942529,
#DIV/0!,#DIV/0!,,,,,,739.7436782,
#DIV/0!,#DIV/0!,,,,,,740.8931034,
#DIV/0!,#DIV/0!,,,,,,742.0425287,
#DIV/0!,#DIV/0!,,,,,,743.191954,
#DIV/0!,#DIV/0!,,,,,,744.3413793,
#DIV/0!,#DIV/0!,,,,,,745.4908046,
#DIV/0!,#DIV/0!,,,,,,746.6402299,
#DIV/0!,#DIV/0!,,,,,,747.7896552,
#DIV/0!,#DIV/0!,,,,,,748.9390805,
#DIV/0!,#DIV/0!,,,,,,750.0885057,
#DIV/0!,#DIV/0!,,,,,,751.237931,
#DIV/0!,#DIV/0!,,,,,,752.3873563,
#DIV/0!,#DIV/0!,,,,,,753.5367816,
#DIV/0!,#DIV/0!,,,,,,754.6862069,
#DIV/0!,#DIV/0!,,,,,,755.8356322,
#DIV/0!,#DIV/0!,,,,,,756.9850575,
#DIV/0!,#DIV/0!,,,,,,758.1344828,
#DIV/0!,#DIV/0!,,,,,,759.283908,
#DIV/0!,#DIV/0!,,,,,,760.4333333,
#DIV/0!,#DIV/0!,,,,,,761.5827586,
#DIV/0!,#DIV/0!,,,,,,762.7321839,
#DIV/0!,#DIV/0!,,,,,,763.8816092,
#DIV/0!,#DIV/0!,,,,,,765.0310345,
#DIV/0!,#DIV/0!,,,,,,766.1804598,
#DIV/0!,#DIV/0!,,,,,,767.3298851,
#DIV/0!,#DIV/0!,,,,,,768.4793103,
#DIV/0!,#DIV/0!,,,,,,769.6287356,
#DIV/0!,#DIV/0!,,,,,,770.7781609,
#DIV/0!,#DIV/0!,,,,,,771.9275862,
#DIV/0!,#DIV/0!,,,,,,773.0770115,
#DIV/0!,#DIV/0!,,,,,,774.2264368,
#DIV/0!,#DIV/0!,,,,,,775.3758621,
#DIV/0!,#DIV/0!,,,,,,776.5252874,
#DIV/0!,#DIV/0!,,,,,,777.6747126,
#DIV/0!,#DIV/0!,,,,,,778.8241379,
#DIV/0!,#DIV/0!,,,,,,779.9735632,
#DIV/0!,#DIV/0!,,,,,,781.1229885,
#DIV/0!,#DIV/0!,,,,,,782.2724138,
#DIV/0!,#DIV/0!,,,,,,,
#DIV/0!,#DIV/0!,,,,,,,
#DIV/0!,#DIV/0!,,,,,,,
#DIV/0!,#DIV/0!,,,,,,,
#DIV/0!,#DIV/0!,,,,,,,
#DIV/0!,#DIV/0!,,,,,,,
#DIV/0!,#DIV/0!,,,,,,,
#DIV/0!,#DIV/0!,,,,,,,
#DIV/0!,#DIV/0!,,,,,,,
#DIV/0!,#DIV/0!,,,,,,,
#DIV/0!,#DIV/0!,,,,,,,
#DIV/0!,#DIV/0!,,,,,,,
#DIV/0!,#DIV/0!,,,,,,,
#DIV/0!,#DIV/0!,,,,,,,
#DIV/0!,#DIV/0!,,,,,,,
